name,lon,lat,max_depth_m,arrival_min,max_depth_within_250m_m,arrival_within_250m_min
Mandapalle,79.072284,14.24686,0.0,,5.76,105.1
Pulapathur,79.044464,14.247266,0.0,,7.34,78.7
Gundlur,79.113992,14.252169,0.0,,3.76,141.4
Togurupeta,79.043258,14.253927,1.71,122.1,9.34,72.3
Nandalur,79.107956,14.270411,1.46,186.8,3.23,177.9
Rajampet,79.158576,14.193587,0.0,,0.0,
Nandaluru,79.107956,14.270411,1.46,186.8,3.23,177.9
Rajampeta,79.158576,14.193587,0.0,,0.0,
Vontimitta,79.026404,14.395593,0.0,,0.0,
Pullampeta,79.208651,14.124849,0.0,,0.0,
Salabad,79.050097,14.397189,0.0,,0.0,
Naravakatipalle,79.00346,14.388492,0.0,,0.0,
Vontimitta Rs,79.016037,14.393099,0.0,,0.0,
Yeddulavaripalle,79.128417,14.275984,0.0,,5.34,199.5
Muppalavandlapalle,79.085857,14.204719,0.0,,0.0,
Peddavuru,79.081787,14.209377,0.0,,0.0,
Gangarajunarayanarajupallepalle,79.081507,14.214689,0.0,,0.0,
Lachchayyagaripalle,79.082995,14.206522,0.0,,0.0,
Narayanarajupalle,79.080847,14.217749,0.0,,0.0,
Eguvapalle,79.07769,14.238291,0.0,,8.46,126.5
Badangadda,79.079501,14.226227,0.0,,0.0,
Baireddipalle,79.08513,14.227292,0.16,,4.28,159.7
Patur,79.076108,14.258521,0.76,154.6,2.77,133.2
Rachapalle,79.074185,14.262669,0.0,,2.17,145.7
Turakapalle,79.109882,14.263159,0.0,,5.14,138.6
Kummarapalle,79.097437,14.259845,0.0,,3.1,157.2
Narayanarajupalle,79.099257,14.276729,0.0,,3.59,184.4
Gollapalle,79.104102,14.261779,0.0,,5.88,135.1
Nagireddipalle,79.100966,14.270369,0.0,,2.05,170.4
Diguvapalle,79.092681,14.266659,0.0,,3.58,148.1
Rachapalle,79.10073,14.261293,0.0,,3.8,163.0
Konarajupalle,79.113205,14.237319,0.0,,3.39,178.8
Choppavaripalle,79.115272,14.244583,0.0,,5.03,151.2
Annagaripalle,79.111297,14.246866,1.33,157.2,3.4,142.3
osm_5462004312,79.120173,14.240739,0.0,,6.37,167.4
osm_5462004313,79.110134,14.250602,0.0,,4.39,133.6
osm_5462004315,79.107474,14.248343,0.32,197.4,3.57,133.5
Kummarapalle,79.112347,14.243091,0.71,211.3,4.67,156.5
Kummarapalle,79.105258,14.246728,0.0,,3.16,139.2
Adavivaripalle,79.059015,14.247062,0.0,,3.76,98.1
Ganeswaram,79.057534,14.260148,0.0,,7.24,84.5
Ramachandrapuram,79.048365,14.255951,3.91,123.6,8.62,78.5
Pulapathuru,79.044464,14.247266,0.0,,7.34,78.7
Nutipalle,79.032981,14.257849,0.0,,11.1,63.7
Salipeta,79.043854,14.255975,0.0,,7.89,88.4
Baggidipalle,79.010304,14.260904,0.0,,0.0,
Chintalakonda,79.019412,14.263881,0.0,,11.31,54.5
Yerracheruvupalle,79.172535,14.321781,0.0,,0.0,
Chintalagunta,79.164564,14.339267,0.0,,0.0,
Katikavaripalle,79.060493,14.304061,0.0,,0.0,
Dasaripalle,79.047651,14.308224,0.0,,0.0,
Ramachandrapuram,79.078163,14.32097,0.0,,0.0,
Guntigaripalle,79.13923,14.315576,0.0,,0.0,
Vengampalle,79.070951,14.312803,0.0,,0.0,
Marakundupalle,79.070568,14.307193,0.0,,0.0,
osm_5462004981,79.114684,14.322093,0.0,,0.0,
Marayigaripalle,79.085243,14.326205,0.0,,0.0,
osm_5462004983,79.092455,14.323401,0.0,,0.0,
osm_5462004984,79.095513,14.307802,0.0,,0.0,
Balajivaripalle,79.02608,14.308671,0.0,,0.0,
Konarajupalle,79.113568,14.326053,0.0,,0.0,
Patrapalle,79.017122,14.307382,0.0,,0.0,
Kamalipalle,79.019205,14.309782,0.0,,0.0,
Boyapalle,79.063441,14.305993,0.0,,0.0,
Mantapampalle,79.086805,14.322776,0.0,,0.0,
Manchalapalle,79.028511,14.303856,0.0,,0.0,
Chenuvaripalle,79.041345,14.305272,0.0,,0.0,
Balijapalle,79.021187,14.304747,0.0,,0.0,
Achchammaapeta,79.087146,14.316572,0.0,,0.0,
Cherlapalle,79.031472,14.361173,0.0,,0.0,
Malakatipalle,79.040025,14.386807,0.0,,0.0,
Nadimpalle,79.040907,14.357534,0.0,,0.0,
Polu Buchchayyagaripalle,79.044331,14.350444,0.0,,0.0,
Yellugaripalle,79.217825,14.172717,0.0,,0.0,
Gollapalle,79.224916,14.168754,0.0,,0.0,
Ramasamudram,79.223872,14.172483,0.0,,0.0,
Kottalapalle,79.221051,14.166827,0.0,,0.0,
Venganagaripalle,79.212515,14.166931,0.0,,0.0,
Komarunipalle,79.230287,14.149449,0.0,,0.0,
Balijapalle,79.229705,14.154048,0.0,,0.0,
Venkatapalle Agraharam,79.220137,14.158046,0.0,,0.0,
Komarunipalle,79.237696,14.148442,0.0,,0.0,
Gollapalle,79.210657,14.161868,0.0,,0.0,
Bollachennayagaripalle,79.216614,14.16052,0.0,,0.0,
Vallurupalle,79.250175,14.130015,0.0,,0.0,
Kommanavaripalle,79.24506,14.138266,0.0,,0.0,
Lingareddipalle,79.262384,14.123774,0.0,,0.0,
Chappavaripalle,79.245333,14.130384,0.0,,0.0,
Kattakindapalle,79.25605,14.135198,0.0,,0.0,
Konayyavaripalle,79.212077,14.141219,0.0,,0.0,
Rachapalle,79.22449,14.140124,0.0,,0.0,
Diguvapalle,79.218571,14.132569,0.0,,0.0,
Kottapalle,79.21526,14.134894,0.0,,0.0,
Puttanavaripalle,79.206622,14.138809,0.0,,0.0,
Vudumuvaripalle,79.205194,14.135608,0.0,,0.0,
Mulakkayalapalle,79.138872,14.202306,0.0,,0.0,
Mannur,79.149461,14.204676,0.0,,0.0,
Basinagaripalle,79.164626,14.187065,0.0,,0.0,
Ramanagar,79.167393,14.196471,0.0,,0.0,
Utukur,79.18292,14.176414,0.0,,0.0,
Narapareddipalle,79.147939,14.195229,0.0,,0.0,
Chinndkarampalle,79.125172,14.195496,0.0,,0.0,
Subbarajugaripalle,79.13069,14.194561,0.0,,0.0,
Upparapalle,79.145753,14.192832,0.0,,0.0,
Kuchivaripalle,79.141993,14.182545,0.0,,0.0,
Balijapalle,79.153879,14.18716,0.0,,0.0,
Tummala Agraharam,79.151077,14.184617,0.0,,0.0,
Sunnapurallapalle,79.159344,14.175047,0.0,,0.0,
Bonagiripalle,79.171117,14.181155,0.0,,0.0,
Eguva Basinagarpalle,79.159373,14.186283,0.0,,0.0,
Galivaripalle,79.162687,14.178474,0.0,,0.0,
Rambavaripalle,79.207842,14.162724,0.0,,0.0,
Venkatarayunipeta,79.186445,14.164553,0.0,,0.0,
Anantaiahgaripalle,79.199488,14.160494,0.0,,0.0,
Rajugaripalle,79.191516,14.164322,0.0,,0.0,
Tirumalayyagaripalle,79.199806,14.155842,0.0,,0.0,
Kommavaripalle,79.160252,14.164269,0.0,,0.0,
Gonduvaripalle,79.162602,14.162137,0.0,,0.0,
Singanavaripalle,79.162244,14.159476,0.0,,0.0,
Jaguvaripalle,79.178961,14.157103,0.0,,0.0,
Sunduvaripalle,79.153517,14.159033,0.0,,0.0,
Mittamidipalle,79.165445,14.156711,0.0,,0.0,
Ramapuram,79.125695,14.133653,0.0,,0.0,
Sadhuvaripalle,79.18205,14.125891,0.0,,0.0,
Kollavaripalle,79.169441,14.149048,0.0,,0.0,
Choudavaripalle,79.170919,14.124628,0.0,,0.0,
Devasamudram,79.151826,14.12662,0.0,,0.0,
Mekavaripalle,79.162919,14.141331,0.0,,0.0,
Venkatampalle,79.141126,14.144495,0.0,,0.0,
Tammireddipalle,79.169449,14.133672,0.0,,0.0,
Voddepalle,79.158542,14.124621,0.0,,0.0,
Pachavuripalle,79.120652,14.126381,0.0,,0.0,
Bavikadapalle,79.116955,14.129481,0.0,,0.0,
Varadayyagaripalle,79.126828,14.137496,0.0,,0.0,
Malavada,79.159113,14.128084,0.0,,0.0,
Lakshmipalle,79.175059,14.134051,0.0,,0.0,
Kovuru,79.119603,14.129659,0.0,,0.0,
Pamapalle,79.302752,14.394748,0.0,,0.0,
Agraharam,79.083532,14.24478,0.0,,6.7,111.6
Agraharam,79.093205,14.244935,0.0,,3.1,130.5
Malavada,79.081806,14.229315,0.0,,3.76,159.8
Kottapalle,79.095804,14.223416,0.0,,0.0,
Medavaripalle,79.102252,14.221273,0.0,,0.0,
Hostivaripalle,79.117486,14.194681,0.0,,0.0,
Lingarajupalle,79.118049,14.196573,0.0,,0.0,
Mittapalle,79.124011,14.200524,0.0,,0.0,
Dommarajupalle,79.127779,14.202901,0.0,,0.0,
Boyanapalli,79.135305,14.221757,0.0,,0.0,
Agraharam,79.143232,14.234308,0.0,,0.0,
Hastavaram,79.11864,14.22664,0.0,,0.0,
Chinna Vengannagaripalle,79.11646,14.216424,0.0,,0.0,
Yerrapalle,79.129113,14.22817,0.0,,0.0,
Yellareddipalle,79.14265,14.218907,0.0,,0.0,
Prakash Colony,79.121149,14.229045,0.0,,1.83,211.3
Cherlopalle,79.120592,14.209236,0.0,,0.0,
Tallapaka,79.149761,14.235458,0.0,,0.26,
Madanagopalapuram,79.142436,14.248447,0.0,,0.0,
Homadrivaripalle,79.145415,14.247873,0.0,,0.0,
Isukapalle,79.137537,14.250114,0.0,,0.0,
Rachapalle,79.149015,14.272091,0.0,,0.0,
Agraharam,79.143371,14.26821,0.0,,1.25,196.0
Marripalle,79.158098,14.267883,0.0,,3.51,182.5
Adapur,79.145539,14.270529,0.0,,0.0,
Lebaka Mangamambapuram,79.184148,14.28128,0.0,,3.55,222.8
Lebaka,79.192482,14.291906,0.0,,3.78,248.4
Nallathimmayapalle,79.176555,14.281258,0.0,,0.0,
Ellamrajupalle,79.165621,14.273478,0.0,,1.95,206.6
Chennayagaripalle,79.179734,14.304868,0.0,,1.07,368.4
Idugapalle,79.187003,14.30921,0.0,,1.86,355.2
Pothapi,79.228912,14.34884,0.0,,0.0,
Kunda Nellore,79.228936,14.326038,0.0,,1.07,311.2
Komarunipalle,79.229901,14.324233,0.0,,1.32,304.2
Chintakayalapalle,79.218896,14.328805,0.0,,1.93,316.2
Gattumidipalle,79.224298,14.310717,0.0,,2.92,288.8
Nookinenipalle,79.227913,14.332519,0.0,,1.09,358.1
Jangalapalle,79.21374,14.338176,0.0,,4.0,343.1
Kumpinipuram,79.225389,14.336063,0.0,,0.0,
Narayana Nellore,79.196525,14.266078,0.0,,4.09,231.2
Isukapalle,79.195458,14.259556,0.0,,1.91,265.3
Mandaramu,79.179069,14.245452,0.0,,2.94,231.6
Kottapalle,79.184731,14.247009,0.0,,2.28,265.5
Induluruvaripalle,79.185313,14.233638,0.0,,0.0,
Gollapalle,79.183743,14.236765,0.0,,0.0,
Seshannagaripalle,79.184322,14.225055,0.0,,0.0,
Attirala,79.168322,14.245262,0.0,,7.1,198.3
Kammapalle,79.16799,14.237024,0.0,,1.04,245.2
Rajupalem,79.177419,14.242603,0.0,,0.0,
Appayyarajupeta,79.167779,14.230418,0.0,,1.7,256.7
Konalopalle,79.185219,14.198739,0.0,,0.0,
Annmalaguduvaripalle,79.193388,14.205495,0.0,,0.0,
Chinna Yellugaripalle,79.18578,14.211432,0.0,,0.0,
Sitarampuram,79.193955,14.211511,0.0,,0.0,
Kuppavaripalle,79.198778,14.199623,0.0,,0.0,
Kasturipalle,79.304133,14.195681,0.0,,0.0,
Gollapalle,79.30693,14.194451,0.0,,0.0,
Potunayudupalle,79.299601,14.198893,0.0,,0.0,
Nakkalapalle,79.297164,14.201016,0.0,,0.0,
Maratipalle,79.292908,14.205714,0.0,,0.0,
Tummachetlapalle,79.309215,14.191729,0.0,,0.0,
Reddivaripalle,79.307511,14.187049,0.0,,0.0,
Govindampalle,79.245553,14.215565,0.0,,0.0,
Anantapalle,79.232822,14.238689,0.0,,0.0,
Yepatavoddepalleyarpalle,79.236082,14.236422,0.0,,0.0,
Nallapureddipalle,79.220703,14.258193,0.0,,0.0,
Komantharajupuram,79.210506,14.269401,0.0,,0.0,
Vodetivaripalle,79.231925,14.265136,0.0,,0.0,
Varadayapalle,79.229402,14.260289,0.0,,0.0,
Butttireddipalle,79.229152,14.252916,0.0,,0.0,
Pondalur,79.240747,14.253075,0.0,,0.0,
Chakrampeta,79.242938,14.24587,0.0,,0.0,
Muddanapalle,79.254392,14.233328,0.0,,0.0,
Kakarlavaripalle,79.244472,14.240976,0.0,,0.0,
Mugavaripalle,79.265623,14.245455,0.0,,0.0,
Rajapalem,79.24446,14.231987,0.0,,0.0,
Peramvanipalle,79.239624,14.232354,0.0,,0.0,
Gudlavaripalle,79.240329,14.247162,0.0,,0.0,
Voddepalle,79.240919,14.238494,0.0,,0.0,
Kademvaripalle,79.264951,14.228695,0.0,,0.0,
Timmayyagaripalle,79.2751,14.221975,0.0,,0.0,
Maratipalle,79.289698,14.215862,0.0,,0.0,
Malemarpuram,79.304369,14.212919,0.0,,0.0,
Kattavaripalle,79.289484,14.233729,0.0,,0.0,
Idigepalle,79.301088,14.226815,0.0,,0.0,
Apparajupet,79.289438,14.229631,0.0,,0.0,
Singanamala,79.258938,14.281126,0.0,,1.97,403.1
Gattuvaripalle,79.288095,14.282982,0.0,,0.0,
Turpupalle,79.280539,14.27859,0.0,,0.0,
Naiduvaripalle,79.261308,14.259865,0.0,,0.0,
Itimarpuram,79.261742,14.269501,0.0,,0.0,
Seshugaripalle,79.213022,14.299914,0.0,,4.77,258.9
Agraharam,79.210767,14.300895,0.0,,5.47,267.6
Maratipalle,79.200321,14.294661,0.0,,3.64,305.1
Rachapalle,79.202897,14.296596,1.97,441.5,5.54,292.6
Diguva Rachavaripalle,79.216751,14.27678,0.0,,1.09,299.4
Jattivaripalle,79.20881,14.271972,0.0,,0.0,
Rachavaripalle,79.214512,14.27614,0.0,,1.17,290.9
Bestapalle,79.211099,14.264826,0.0,,0.0,
Srirampuram,79.243375,14.282314,0.0,,0.0,
Obili,79.223996,14.283687,0.0,,2.85,270.6
Attigaripalle,79.231698,14.278104,0.0,,0.0,
Siddavaram,79.244115,14.300761,0.0,,0.0,
Diguvapalle,79.250017,14.311087,0.0,,2.39,274.6
Tirumala Rajupeta,79.244313,14.296691,0.0,,0.0,
Singareddipalle,79.253375,14.290885,0.0,,0.0,
Penagaluru,79.263332,14.304528,0.0,,0.96,359.3
Kottapalle,79.270326,14.301626,0.0,,0.0,
Nagiraddipalle,79.26849,14.305276,0.0,,1.61,349.8
Kambhalakunta,79.260382,14.292008,0.0,,0.0,
Abbanapalle,79.266811,14.292968,0.0,,0.0,
Indluru,79.270769,14.299078,0.0,,0.0,
Kotichinnayagaripalle,79.255849,14.323368,0.0,,1.59,372.2
Pallampadu,79.247588,14.331625,0.0,,3.83,288.4
Narasingarajupuram,79.258307,14.336125,0.0,,0.0,
Siriyavaram,79.271481,14.33573,0.0,,3.91,420.7
Tiranapalle,79.278746,14.327568,0.0,,0.0,
Reddivaripalle,79.289451,14.321212,0.0,,0.0,
Konduru Chennarayasamudram,79.292527,14.3161,0.0,,0.0,
Upparapalle,79.295867,14.302305,0.0,,0.0,
Kondur,79.292246,14.308126,0.0,,0.0,
Velagacherla Mangamamapuram,79.304547,14.296861,0.0,,0.0,
Velagacherla,79.294388,14.293126,0.0,,0.0,
osm_5999640068,79.300143,14.287209,0.0,,0.0,
Satupalle,79.270581,14.295384,0.0,,0.0,
Nadimpalli,79.221117,14.249649,0.0,,0.0,
Tanguturu,79.22207,14.295289,0.0,,6.46,243.6
M.M Puram,79.210592,14.324678,0.0,,0.0,
Kommuru,79.196237,14.359335,0.0,,1.13,441.3
Chukkayapalli,79.239159,14.368842,0.0,,4.63,327.9
Chapalavaripalle,79.248205,14.359632,0.0,,5.63,325.2
Mittapalli H Wada,79.304711,14.182361,0.0,,0.0,
Sreerangarajupalem,79.065935,14.138145,0.0,,0.0,
Brahmanapalle,79.126488,14.174896,0.0,,0.0,
Katarupalle,79.128929,14.171034,0.0,,0.0,
Rallamadugu,79.020369,14.129116,0.0,,0.0,
Bodukuntapalli,79.011451,14.156228,0.0,,0.0,
osm_12362038879,78.999947,14.246173,0.0,,16.78,22.9
Konapuram,79.194536,14.36211,0.0,,0.0,
Venkata Rajampeta,79.188359,14.369091,0.0,,0.17,
