time_s,level_m,breach_bottom_m,breach_bottom_width_m,q_in_m3s,q_spill_m3s,q_breach_m3s,q_out_m3s,storage_m3
0.0000,206.7000,206.7000,0.0000,9061.4000,6455.2000,0.0000,6455.2000,73504955.3059
60.0000,206.7204,206.4833,0.9220,9061.4000,6469.3489,0.1843,6469.5332,73660935.1604
120.0000,206.7408,206.2665,1.8440,9061.4000,6483.4287,1.0423,6484.4710,73816040.2132
180.0000,206.7500,206.0498,2.7660,9061.4000,6489.8123,2.7973,6492.6096,73970332.7848
240.0000,206.7500,205.8331,3.6880,9061.4000,6489.8123,5.5725,6495.3848,74124389.5344
300.0000,206.7500,205.6164,4.6100,9061.4000,6489.8123,9.5586,6499.3709,74278247.2006
360.0000,206.7500,205.3996,5.5320,9061.4000,6489.8123,14.8941,6504.7064,74431829.2428
420.0000,206.7500,205.1829,6.4540,9061.4000,6489.8123,21.7046,6511.5169,74585051.1881
480.0000,206.7500,204.9662,7.3760,9061.4000,6489.8123,30.1055,6519.9178,74737821.3201
540.0000,206.7500,204.7494,8.2980,9061.4000,6489.8123,40.2047,6530.0170,74890041.2130
600.0000,206.7500,204.5327,9.2201,9061.4000,6489.8123,52.1032,6541.9155,75041606.1631
660.0000,206.7500,204.3160,10.1421,9061.4000,6489.8123,65.8970,6555.7093,75192405.5450
720.0000,206.7500,204.0993,11.0641,9061.4000,6489.8123,81.6773,6571.4895,75342323.1138
780.0000,206.7500,203.8825,11.9861,9061.4000,6489.8123,99.5312,6589.3435,75491237.2651
840.0000,206.7500,203.6658,12.9081,9061.4000,6489.8123,119.5424,6609.3547,75639021.2619
900.0000,206.7500,203.4491,13.8301,9061.4000,6489.8123,141.7916,6631.6038,75785543.4348
960.0000,206.7500,203.2323,14.7521,9061.4000,6489.8123,166.3563,6656.1686,75930667.3603
1020.0000,206.7500,203.0156,15.6741,9061.4000,6489.8123,193.3119,6683.1242,76074252.0212
1080.0000,206.7500,202.7989,16.5961,9061.4000,6489.8123,222.7312,6712.5435,76216151.9519
1140.0000,206.7500,202.5822,17.5181,9061.4000,6489.8123,254.6850,6744.4973,76356217.3705
1200.0000,206.7500,202.3654,18.4401,9061.4000,6489.8123,289.2424,6779.0546,76494294.2996
1260.0000,206.7500,202.1487,19.3621,9061.4000,6489.8123,326.4702,6816.2825,76630224.6781
1320.0000,206.7500,201.9320,20.2841,9061.4000,6489.8123,366.4342,6856.2464,76763846.4638
1380.0000,206.7500,201.7152,21.2061,9061.4000,6489.8123,409.1980,6899.0103,76894993.7293
1440.0000,206.7500,201.4985,22.1281,9061.4000,6489.8123,454.8244,6944.6367,77023496.7505
1500.0000,206.7500,201.2818,23.0501,9061.4000,6489.8123,503.3744,6993.1867,77149182.0901
1560.0000,206.7500,201.0651,23.9721,9061.4000,6489.8123,554.9080,7044.7203,77271872.6753
1620.0000,206.7500,200.8483,24.8941,9061.4000,6489.8123,609.4839,7099.2962,77391387.8712
1680.0000,206.7500,200.6316,25.8161,9061.4000,6489.8123,667.1597,7156.9720,77507543.5495
1740.0000,206.7500,200.4149,26.7382,9061.4000,6489.8123,727.9920,7217.8043,77620152.1535
1800.0000,206.7500,200.1981,27.6602,9061.4000,6489.8123,792.0364,7281.8487,77729022.7600
1860.0000,206.7500,199.9814,28.5822,9061.4000,6489.8123,859.3475,7349.1598,77833961.1374
1920.0000,206.7500,199.7647,29.5042,9061.4000,6489.8123,929.9790,7419.7913,77934769.8013
1980.0000,206.7500,199.5480,30.4262,9061.4000,6489.8123,1003.9839,7493.7962,78031248.0670
2040.0000,206.7500,199.3312,31.3482,9061.4000,6489.8123,1081.4141,7571.2264,78123192.1001
2100.0000,206.7500,199.1145,32.2702,9061.4000,6489.8123,1162.3210,7652.1333,78210394.9639
2160.0000,206.7500,198.8978,33.1922,9061.4000,6489.8123,1246.7551,7736.5674,78292646.6659
2220.0000,206.7500,198.6810,34.1142,9061.4000,6489.8123,1334.7662,7824.5785,78369734.2012
2280.0000,206.7500,198.4643,35.0362,9061.4000,6489.8123,1426.4034,7916.2157,78441441.5947
2340.0000,206.7500,198.2476,35.9582,9061.4000,6489.8123,1521.7153,8011.5276,78507549.9411
2400.0000,206.7500,198.0309,36.8802,9061.4000,6489.8123,1620.7496,8110.5619,78567837.4443
2460.0000,206.7500,197.8141,37.8022,9061.4000,6489.8123,1723.5536,8213.3659,78622079.4536
2520.0000,206.7500,197.5974,38.7242,9061.4000,6489.8123,1830.1741,8319.9863,78670048.5007
2580.0000,206.7500,197.3807,39.6462,9061.4000,6489.8123,1940.6569,8430.4692,78711514.3330
2640.0000,206.7500,197.1639,40.5682,9061.4000,6489.8123,2055.0478,8544.8601,78746243.9479
2700.0000,206.7500,196.9472,41.4902,9061.4000,6489.8123,2173.3917,8663.2040,78774001.6240
2760.0000,206.7500,196.7305,42.4122,9061.4000,6489.8123,2295.7332,8785.5455,78794548.9530
2820.0000,206.7500,196.5138,43.3342,9061.4000,6489.8123,2422.1162,8911.9285,78807644.8688
2880.0000,206.7500,196.2970,44.2563,9061.4000,6489.8123,2552.5843,9042.3966,78813045.6770
2940.0000,206.7500,196.0803,45.1783,9061.4000,6489.8123,2687.1807,9176.9930,78810505.0828
3000.0000,206.7500,195.8636,46.1003,9061.4000,6489.8123,2825.9480,9315.7602,78799774.2184
3060.0000,206.7500,195.6468,47.0223,9061.4000,6489.8123,2968.9283,9458.7406,78780601.6687
3120.0000,206.7500,195.4301,47.9443,9061.4000,6489.8123,3116.1635,9605.9757,78752733.4978
3180.0000,206.7500,195.2134,48.8663,9061.4000,6489.8123,3267.6949,9757.5072,78715913.2727
3240.0000,206.7500,194.9967,49.7883,9061.4000,6489.8123,3423.5636,9913.3759,78669882.0885
3300.0000,206.7500,194.7799,50.7103,9061.4000,6489.8123,3583.8102,10073.6225,78614378.5908
3360.0000,206.7500,194.5632,51.6323,9061.4000,6489.8123,3748.4749,10238.2872,78549138.9990
3420.0000,206.7500,194.3465,52.5543,9061.4000,6489.8123,3917.5976,10407.4098,78473897.1285
3480.0000,206.7500,194.1297,53.4763,9061.4000,6489.8123,4091.2177,10581.0300,78388384.4117
3540.0000,206.7500,193.9130,54.3983,9061.4000,6489.8123,4269.3746,10759.1869,78292329.9195
3600.0000,206.7500,193.6963,55.3203,9061.4000,6489.8123,4452.1070,10941.9192,78185460.3813
3660.0000,206.7500,193.4796,56.2423,9061.4000,6489.8123,4639.4534,11129.2657,78067500.2051
3720.0000,206.7500,193.2628,57.1643,9061.4000,6489.8123,4831.4520,11321.2643,77938171.4971
3780.0000,206.7500,193.0461,58.0863,9061.4000,6489.8123,5028.1408,11517.9530,77797194.0800
3840.0000,206.7500,192.8294,59.0083,9061.4000,6489.8123,5229.5572,11719.3695,77644285.5122
3900.0000,206.7500,192.6126,59.9303,9061.4000,6489.8123,5435.7386,11925.5509,77479161.1052
3960.0000,206.7500,192.3959,60.8523,9061.4000,6489.8123,5646.7220,12136.5343,77301533.9414
4020.0000,206.7500,192.1792,61.7744,9061.4000,6489.8123,5862.5441,12352.3564,77111114.8917
4080.0000,206.7500,191.9625,62.6964,9061.4000,6489.8123,6083.2413,12573.0536,76907612.6315
4140.0000,206.7500,191.7457,63.6184,9061.4000,6489.8123,6308.8498,12798.6621,76690733.6578
4200.0000,206.7500,191.5290,64.5404,9061.4000,6489.8123,6539.4055,13029.2178,76460182.3048
4260.0000,206.7500,191.3123,65.4624,9061.4000,6489.8123,6774.9440,13264.7563,76215660.7601
4320.0000,206.7500,191.0955,66.3844,9061.4000,6489.8123,7015.5007,13505.3130,75956869.0793
4380.0000,206.7500,190.8788,67.3064,9061.4000,6489.8123,7261.1108,13750.9230,75683505.2020
4440.0000,206.7500,190.6621,68.2284,9061.4000,6489.8123,7511.8091,14001.6214,75395264.9658
4500.0000,206.7500,190.4454,69.1504,9061.4000,6489.8123,7767.6303,14257.4426,75091842.1209
4560.0000,206.7500,190.2286,70.0724,9061.4000,6489.8123,8028.6089,14518.4212,74772928.3443
4620.0000,206.7500,190.0119,70.9944,9061.4000,6489.8123,8294.7791,14784.5914,74438213.2539
4680.0000,206.7500,189.7952,71.9164,9061.4000,6489.8123,8566.1747,15055.9870,74087384.4215
4740.0000,206.7283,189.5784,72.8384,9061.4000,6474.7544,8824.2677,15299.0220,73720496.0327
4800.0000,206.6785,189.3617,73.7604,9061.4000,6440.3060,9062.6003,15502.9063,73340638.6029
4860.0000,206.6270,189.1450,74.6824,9061.4000,6404.8093,9303.3028,15708.1121,72948511.4768
4920.0000,206.5740,188.9283,75.6044,9061.4000,6368.2634,9546.3159,15914.5793,72544037.0160
4980.0000,206.5194,188.7115,76.5264,9061.4000,6330.6683,9791.5794,16122.2477,72127141.1914
5040.0000,206.4625,188.4948,77.4484,9061.4000,6291.6356,10038.5082,16330.1438,71697769.1665
5100.0000,206.4037,188.2781,78.3704,9061.4000,6251.3426,10287.2548,16538.5974,71255917.0550
5160.0000,206.3432,188.0613,79.2925,9061.4000,6209.9966,10538.0293,16748.0259,70801530.6205
5220.0000,206.2810,187.8446,80.2145,9061.4000,6167.6003,10790.7689,16958.3692,70334553.0198
5280.0000,206.2164,187.6279,81.1365,9061.4000,6123.6344,11044.6543,17168.2887,69854947.4282
5340.0000,206.1493,187.4112,82.0585,9061.4000,6078.1190,11299.6069,17377.7258,69362778.0369
5400.0000,206.0806,187.1944,82.9805,9061.4000,6031.5574,11556.2711,17587.8285,68858023.8220
5460.0000,206.0101,186.9777,83.9025,9061.4000,5983.9555,11814.5822,17798.5377,68340646.4760
5520.0000,205.9365,186.7610,84.8245,9061.4000,5934.4195,12073.0828,18007.5023,67810664.4826
5580.0000,205.8610,186.5442,85.7465,9061.4000,5883.7050,12332.8159,18216.5209,67268152.3029
5640.0000,205.7837,186.3275,86.6685,9061.4000,5831.9676,12593.9407,18425.9083,66713088.5855
5700.0000,205.7037,186.1108,87.5905,9061.4000,5778.5481,12855.3058,18633.8539,66145478.4137
5760.0000,205.6212,185.8941,88.5125,9061.4000,5723.6201,13117.0641,18840.6843,65565444.1621
5820.0000,205.5369,185.6773,89.4345,9061.4000,5667.6974,13379.9549,19047.6524,64972996.0341
5880.0000,205.4495,185.4606,90.3565,9061.4000,5609.9598,13642.4940,19252.4537,64368160.0894
5940.0000,205.3595,185.2439,91.2785,9061.4000,5550.6235,13904.9024,19455.5259,63751112.0571
6000.0000,205.2676,185.0271,92.2005,9061.4000,5490.3328,14168.1750,19658.5078,63121881.9279
6060.0000,205.1725,184.8104,93.1225,9061.4000,5428.0757,14430.4113,19858.4870,62480538.9031
6120.0000,205.0751,184.5937,94.0445,9061.4000,5364.6582,14692.8991,20057.5574,61827237.9295
6180.0000,204.9755,184.3770,94.9665,9061.4000,5299.9949,14955.3675,20255.3625,61162005.1285
6240.0000,204.8724,184.1602,95.8886,9061.4000,5233.3682,15216.3466,20449.7148,60485020.6618
6300.0000,204.7675,183.9435,96.8106,9061.4000,5165.8839,15477.7534,20643.6373,59796386.6660
6360.0000,204.6598,183.7268,97.7326,9061.4000,5096.8833,15738.2164,20835.0997,59096174.8324
6420.0000,204.5501,183.5100,98.6546,9061.4000,5026.9362,15998.6966,21025.6328,58384510.4238
6480.0000,204.4371,183.2933,99.5766,9061.4000,4955.1535,16257.3064,21212.4599,57661473.5573
6540.0000,204.3209,183.0766,100.4986,9061.4000,4881.7567,16514.2971,21396.0538,56927357.7575
6600.0000,204.2022,182.8599,101.4206,9061.4000,4807.1436,16770.3047,21577.4484,56182259.5863
6660.0000,204.0805,182.6431,102.3426,9061.4000,4731.0952,17024.7203,21755.8155,55426387.7735
6720.0000,203.9564,182.4264,103.2646,9061.4000,4653.8810,17277.9396,21931.8205,54659847.8581
6780.0000,203.8290,182.2097,104.1866,9061.4000,4575.0901,17528.9187,22104.0087,53882883.2496
6840.0000,203.6989,181.9929,105.1086,9061.4000,4495.1097,17778.3035,22273.4132,53095628.5981
6900.0000,203.5656,181.7762,106.0306,9061.4000,4413.6335,18025.2400,22438.8735,52298353.1398
6960.0000,203.4301,181.7000,106.3548,9061.4000,4331.3536,17992.0177,22323.3713,51495937.4216
7020.0000,203.2958,181.7000,106.3548,9061.4000,4250.2807,17809.9804,22060.2611,50707487.3923
7080.0000,203.1625,181.7000,106.3548,9061.4000,4170.3126,17630.0825,21800.3951,49934700.6073
7140.0000,203.0309,181.7000,106.3548,9061.4000,4091.9196,17453.3867,21545.3062,49177407.7691
7200.0000,202.9000,181.7000,106.3548,9061.4000,4014.3657,17278.2362,21292.6020,48435326.2186
7260.0000,202.7711,181.7000,106.3548,9061.4000,3938.4914,17106.5327,21045.0241,47708293.7196
7320.0000,202.6425,181.7000,106.3548,9061.4000,3863.3173,16936.0630,20799.3803,46996041.3987
7380.0000,202.5161,181.7000,106.3548,9061.4000,3789.8996,16769.2261,20559.1257,46298400.1367
7440.0000,202.3903,181.7000,106.3548,9061.4000,3717.2414,16603.7612,20321.0027,45615100.3671
7500.0000,202.2667,181.7000,106.3548,9061.4000,3646.3680,16442.0085,20088.3765,44945951.1983
7560.0000,202.1433,181.7000,106.3548,9061.4000,3576.0536,16281.1750,19857.2286,44290700.9667
7620.0000,202.0221,181.7000,106.3548,9061.4000,3507.4464,16123.8909,19631.3373,43649192.4500
7680.0000,201.9015,181.7000,106.3548,9061.4000,3439.5548,15967.8884,19407.4432,43021161.3585
7740.0000,201.7829,181.7000,106.3548,9061.4000,3373.2745,15815.2315,19188.5060,42406448.0598
7800.0000,201.6648,181.7000,106.3548,9061.4000,3307.7138,15663.8715,18971.5853,41804784.7278
7860.0000,201.5485,181.7000,106.3548,9061.4000,3243.5541,15515.3860,18758.9401,41216049.3539
7920.0000,201.4331,181.7000,106.3548,9061.4000,3180.3137,15368.6671,18548.9809,40639961.9029
7980.0000,201.3191,181.7000,106.3548,9061.4000,3118.2282,15224.2657,18342.4939,40076412.9331
8040.0000,201.2065,181.7000,106.3548,9061.4000,3057.3315,15082.2684,18139.5999,39525119.5245
8100.0000,201.0947,181.7000,106.3548,9061.4000,2997.2839,14941.8884,17939.1723,38985966.2699
8160.0000,200.9850,181.7000,106.3548,9061.4000,2938.7284,14804.6367,17743.3651,38458692.2050
8220.0000,200.8752,181.7000,106.3548,9061.4000,2880.4837,14667.7487,17548.2324,37943167.1015
8280.0000,200.7678,181.7000,106.3548,9061.4000,2823.9223,14534.4556,17358.3778,37439203.9213
8340.0000,200.6612,181.7000,106.3548,9061.4000,2768.1125,14402.5724,17170.6849,36946557.4411
8400.0000,200.5566,181.7000,106.3548,9061.4000,2713.7509,14273.7544,16987.5054,36465062.8009
8460.0000,200.4533,181.7000,106.3548,9061.4000,2660.4256,14147.0368,16807.4624,35994442.1057
8520.0000,200.3512,181.7000,106.3548,9061.4000,2608.0105,14022.1278,16630.1382,35534579.2338
8580.0000,200.2513,181.7000,106.3548,9061.4000,2557.1297,13900.5271,16457.6568,35085221.8170
8640.0000,200.1518,181.7000,106.3548,9061.4000,2506.7221,13779.7074,16286.4296,34646177.6468
8700.0000,200.0545,181.7000,106.3548,9061.4000,2457.7899,13662.0791,16119.8690,34217279.3009
8760.0000,199.9587,181.7000,106.3548,9061.4000,2409.9194,13546.6633,15956.5826,33798261.9913
8820.0000,199.8641,181.7000,106.3548,9061.4000,2362.9747,13433.1418,15796.1165,33388986.1535
8880.0000,199.7717,181.7000,106.3548,9061.4000,2317.4184,13322.6475,15640.0659,32989216.1082
8940.0000,199.6803,181.7000,106.3548,9061.4000,2272.6259,13213.6771,15486.3030,32598731.6843
9000.0000,199.5906,181.7000,106.3548,9061.4000,2228.9853,13107.1861,15336.1714,32217386.9603
9060.0000,199.5031,181.7000,106.3548,9061.4000,2186.6356,13003.5299,15190.1656,31844935.9781
9120.0000,199.4156,181.7000,106.3548,9061.4000,2144.5776,12900.2701,15044.8477,31481223.2597
9180.0000,199.3301,181.7000,106.3548,9061.4000,2103.7442,12799.7045,14903.4487,31126124.6086
9240.0000,199.2465,181.7000,106.3548,9061.4000,2064.0910,12701.7417,14765.8327,30779401.7548
9300.0000,199.1632,181.7000,106.3548,9061.4000,2024.8101,12604.3933,14629.2034,30440912.3604
9360.0000,199.0818,181.7000,106.3548,9061.4000,1986.7117,12509.6761,14496.3878,30110515.1984
9420.0000,199.0024,181.7000,106.3548,9061.4000,1949.7538,12417.5040,14367.2578,29787984.9954
9480.0000,198.9232,181.7000,106.3548,9061.4000,1913.0838,12325.7584,14238.8422,29473180.5980
9540.0000,198.8457,181.7000,106.3548,9061.4000,1877.4990,12236.4412,14113.9402,29165986.4751
9600.0000,198.7702,181.7000,106.3548,9061.4000,1842.9865,12149.5377,13992.5243,28866190.0147
9660.0000,198.6956,181.7000,106.3548,9061.4000,1809.0974,12063.9295,13873.0269,28573613.6599
9720.0000,198.6224,181.7000,106.3548,9061.4000,1776.0823,11980.2597,13756.3419,28288141.3233
9780.0000,198.5510,181.7000,106.3548,9061.4000,1744.0624,11898.8504,13642.9128,28009580.0022
9840.0000,198.4810,181.7000,106.3548,9061.4000,1712.8437,11819.2229,13532.0666,27737740.6074
9900.0000,198.4117,181.7000,106.3548,9061.4000,1682.1455,11740.6696,13422.8151,27472520.4572
9960.0000,198.3441,181.7000,106.3548,9061.4000,1652.3750,11664.2438,13316.6188,27213770.8653
10020.0000,198.2781,181.7000,106.3548,9061.4000,1623.4996,11589.8767,13213.3763,26961311.3270
10080.0000,198.2132,181.7000,106.3548,9061.4000,1595.2505,11516.8889,13112.1394,26714979.7529
10140.0000,198.1495,181.7000,106.3548,9061.4000,1567.6723,11445.4047,13013.0770,26474673.5042
10200.0000,198.0874,181.7000,106.3548,9061.4000,1540.9224,11375.8448,12916.7672,26240234.8456
10260.0000,198.0267,181.7000,106.3548,9061.4000,1514.9717,11308.1479,12823.1196,26011501.1238
10320.0000,197.9670,181.7000,106.3548,9061.4000,1489.5931,11241.7324,12731.3255,25788325.2821
10380.0000,197.9085,181.7000,106.3548,9061.4000,1464.8140,11176.6793,12641.4933,25570612.6597
10440.0000,197.8513,181.7000,106.3548,9061.4000,1440.7743,11113.3676,12554.1419,25358221.3408
10500.0000,197.7956,181.7000,106.3548,9061.4000,1417.4486,11051.7425,12469.1910,25151004.6988
10560.0000,197.7410,181.7000,106.3548,9061.4000,1394.7390,10991.5576,12386.2966,24948821.5037
10620.0000,197.6869,181.7000,106.3548,9061.4000,1372.3378,10932.0040,12304.3418,24751592.8904
10680.0000,197.6341,181.7000,106.3548,9061.4000,1350.6048,10874.0456,12224.6504,24559218.9514
10740.0000,197.5826,181.7000,106.3548,9061.4000,1329.5168,10817.6328,12147.1496,24371565.8991
10800.0000,197.5324,181.7000,106.3548,9061.4000,1309.0517,10762.7175,12071.7691,24188504.2447
10860.0000,197.4830,181.7000,106.3548,9061.4000,1289.0397,10708.8536,11997.8933,24009912.9456
10920.0000,197.4341,181.7000,106.3548,9061.4000,1269.3410,10655.6703,11925.0113,23835737.7442
10980.0000,197.3865,181.7000,106.3548,9061.4000,1250.2283,10603.9109,11854.1392,23665879.8655
11040.0000,197.3400,181.7000,106.3548,9061.4000,1231.6813,10553.5314,11785.2127,23500220.4986
11100.0000,197.2947,181.7000,106.3548,9061.4000,1213.6807,10504.4893,11718.1700,23338644.6154
11160.0000,197.2505,181.7000,106.3548,9061.4000,1196.2080,10456.7439,11652.9519,23181040.8274
11220.0000,197.2065,181.7000,106.3548,9061.4000,1178.8846,10409.2659,11588.1504,23027338.3244
11280.0000,197.1635,181.7000,106.3548,9061.4000,1162.0710,10363.0483,11525.1193,22877475.3837
11340.0000,197.1216,181.7000,106.3548,9061.4000,1145.7541,10318.0641,11463.8182,22731346.4585
11400.0000,197.0808,181.7000,106.3548,9061.4000,1129.9169,10274.2758,11404.1927,22588849.2558
11460.0000,197.0410,181.7000,106.3548,9061.4000,1114.5433,10231.6470,11346.1903,22449884.6937
11520.0000,197.0021,181.7000,106.3548,9061.4000,1099.6177,10190.1428,11289.7605,22314356.7822
11580.0000,196.9639,181.7000,106.3548,9061.4000,1084.9987,10149.3769,11234.3755,22182185.0338
11640.0000,196.9266,181.7000,106.3548,9061.4000,1070.7984,10109.6677,11180.4661,22053296.3647
11700.0000,196.8903,181.7000,106.3548,9061.4000,1057.0102,10071.0045,11128.0147,21927601.9373
11760.0000,196.8548,181.7000,106.3548,9061.4000,1043.6205,10033.3561,11076.9766,21805015.5105
11820.0000,196.8202,181.7000,106.3548,9061.4000,1030.6160,9996.6925,11027.3085,21685453.4856
11880.0000,196.7865,181.7000,106.3548,9061.4000,1017.9841,9960.9847,10978.9688,21568834.8118
11940.0000,196.7536,181.7000,106.3548,9061.4000,1005.7127,9926.2047,10931.9174,21455080.8951
12000.0000,196.7205,181.7000,106.3548,9061.4000,993.4194,9891.2709,10884.6902,21344150.3875
12060.0000,196.6881,181.7000,106.3548,9061.4000,981.4402,9857.1402,10838.5804,21236027.3398
12120.0000,196.6565,181.7000,106.3548,9061.4000,969.8105,9823.9185,10793.7290,21130636.0800
12180.0000,196.6257,181.7000,106.3548,9061.4000,958.5186,9791.5788,10750.0974,21027902.1724
12240.0000,196.5957,181.7000,106.3548,9061.4000,947.5533,9760.0951,10707.6484,20927753.4568
12300.0000,196.5665,181.7000,106.3548,9061.4000,936.9040,9729.4423,10666.3462,20830119.9681
12360.0000,196.5380,181.7000,106.3548,9061.4000,926.5603,9699.5959,10626.1562,20734933.8592
12420.0000,196.5102,181.7000,106.3548,9061.4000,916.5123,9670.5325,10587.0448,20642129.3263
12480.0000,196.4828,181.7000,106.3548,9061.4000,906.6370,9641.8998,10548.5368,20551649.8482
12540.0000,196.4559,181.7000,106.3548,9061.4000,896.9794,9613.8317,10510.8112,20463464.2470
12600.0000,196.4296,181.7000,106.3548,9061.4000,887.5999,9586.5074,10474.1073,20377513.9295
12660.0000,196.4041,181.7000,106.3548,9061.4000,878.4894,9559.9052,10438.3946,20293738.4379
12720.0000,196.3792,181.7000,106.3548,9061.4000,869.6392,9534.0041,10403.6433,20212079.1256
12780.0000,196.3549,181.7000,106.3548,9061.4000,861.0410,9508.7839,10369.8249,20132479.0953
12840.0000,196.3312,181.7000,106.3548,9061.4000,852.6868,9484.2250,10336.9118,20054883.1389
12900.0000,196.3081,181.7000,106.3548,9061.4000,844.5687,9460.3085,10304.8772,19979237.6806
12960.0000,196.2856,181.7000,106.3548,9061.4000,836.6793,9437.0160,10273.6954,19905490.7210
13020.0000,196.2637,181.7000,106.3548,9061.4000,829.0114,9414.3299,10243.3413,19833591.7851
13080.0000,196.2421,181.7000,106.3548,9061.4000,821.5077,9392.0835,10213.5912,19763493.5913
13140.0000,196.2209,181.7000,106.3548,9061.4000,814.1295,9370.1638,10184.2933,19695171.7730
13200.0000,196.2002,181.7000,106.3548,9061.4000,806.9601,9348.8214,10155.7815,19628586.0956
13260.0000,196.1800,181.7000,106.3548,9061.4000,799.9930,9328.0397,10128.0326,19563690.0335
13320.0000,196.1603,181.7000,106.3548,9061.4000,793.2218,9307.8028,10101.0246,19500438.4213
13380.0000,196.1412,181.7000,106.3548,9061.4000,786.6405,9288.0952,10074.7357,19438787.4090
13440.0000,196.1225,181.7000,106.3548,9061.4000,780.2431,9268.9022,10049.1453,19378694.4185
13500.0000,196.1043,181.7000,106.3548,9061.4000,774.0240,9250.2092,10024.2332,19320118.1021
13560.0000,196.0865,181.7000,106.3548,9061.4000,767.9776,9232.0022,9999.9798,19263018.3024
13620.0000,196.0692,181.7000,106.3548,9061.4000,762.0987,9214.2677,9976.3664,19207356.0135
13680.0000,196.0523,181.7000,106.3548,9061.4000,756.3821,9196.9926,9953.3747,19153093.3446
13740.0000,196.0359,181.7000,106.3548,9061.4000,750.8229,9180.1641,9930.9869,19100193.4832
13800.0000,196.0199,181.7000,106.3548,9061.4000,745.4163,9163.7698,9909.1861,19048620.6615
13860.0000,196.0042,181.7000,106.3548,9061.4000,740.1578,9147.7979,9887.9557,18998340.1231
13920.0000,195.9889,181.7000,106.3548,9061.4000,734.9989,9132.1029,9867.1019,18949321.5438
13980.0000,195.9738,181.7000,106.3548,9061.4000,729.9655,9116.7648,9846.7303,18901542.3495
14040.0000,195.9592,181.7000,106.3548,9061.4000,725.0704,9101.8245,9826.8949,18854970.6282
14100.0000,195.9449,181.7000,106.3548,9061.4000,720.3094,9087.2710,9807.5804,18809574.6338
14160.0000,195.9310,181.7000,106.3548,9061.4000,715.6786,9073.0936,9788.7722,18765323.5134
14220.0000,195.9174,181.7000,106.3548,9061.4000,711.1741,9059.2821,9770.4562,18722187.2795
14280.0000,195.9042,181.7000,106.3548,9061.4000,706.7920,9045.8266,9752.6186,18680136.7831
14340.0000,195.8913,181.7000,106.3548,9061.4000,702.5289,9032.7172,9735.2461,18639143.6876
14400.0000,195.8787,181.7000,106.3548,9061.4000,698.3811,9019.9446,9718.3258,18599180.4444
14460.0000,195.8664,181.7000,106.3548,9061.4000,694.3454,9007.4998,9701.8451,18560220.2677
14520.0000,195.8545,181.7000,106.3548,9061.4000,690.4183,8995.3737,9685.7921,18522237.1124
14580.0000,195.8428,181.7000,106.3548,9061.4000,686.5968,8983.5579,9670.1548,18485205.6507
14640.0000,195.8315,181.7000,106.3548,9061.4000,682.8778,8972.0440,9654.9218,18449101.2508
14700.0000,195.8204,181.7000,106.3548,9061.4000,679.2583,8960.8239,9640.0822,18413899.9559
14760.0000,195.8096,181.7000,106.3548,9061.4000,675.7355,8949.8897,9625.6252,18379578.4639
14820.0000,195.7991,181.7000,106.3548,9061.4000,672.3065,8939.2339,9611.5403,18346114.1077
14880.0000,195.7888,181.7000,106.3548,9061.4000,668.9687,8928.8489,9597.8176,18313484.8367
14940.0000,195.7788,181.7000,106.3548,9061.4000,665.7194,8918.7276,9584.4470,18281669.1980
15000.0000,195.7690,181.7000,106.3548,9061.4000,662.5562,8908.8630,9571.4192,18250646.3193
15060.0000,195.7595,181.7000,106.3548,9061.4000,659.4766,8899.2484,9558.7250,18220395.8914
15120.0000,195.7502,181.7000,106.3548,9061.4000,656.4782,8889.8770,9546.3552,18190898.1517
15180.0000,195.7409,181.7000,106.3548,9061.4000,653.4687,8880.4604,9533.9291,18162143.9125
15240.0000,195.7318,181.7000,106.3548,9061.4000,650.5382,8871.2813,9521.8195,18134126.7816
15300.0000,195.7230,181.7000,106.3548,9061.4000,647.6871,8862.3411,9510.0282,18106827.4297
15360.0000,195.7143,181.7000,106.3548,9061.4000,644.9130,8853.6333,9498.5462,18080227.0077
15420.0000,195.7059,181.7000,106.3548,9061.4000,642.2136,8845.1516,9487.3653,18054307.1840
15480.0000,195.6977,181.7000,106.3548,9061.4000,639.5870,8836.8900,9476.4770,18029050.1293
15540.0000,195.6897,181.7000,106.3548,9061.4000,637.0309,8828.8426,9465.8734,18004438.5019
15600.0000,195.6819,181.7000,106.3548,9061.4000,634.5433,8821.0035,9455.5468,17980455.4331
15660.0000,195.6743,181.7000,106.3548,9061.4000,632.1224,8813.3673,9445.4897,17957084.5135
15720.0000,195.6669,181.7000,106.3548,9061.4000,629.7662,8805.9284,9435.6946,17934309.7796
15780.0000,195.6597,181.7000,106.3548,9061.4000,627.4729,8798.6817,9426.1546,17912115.7010
15840.0000,195.6527,181.7000,106.3548,9061.4000,625.2408,8791.6219,9416.8627,17890487.1675
15900.0000,195.6459,181.7000,106.3548,9061.4000,623.0680,8784.7442,9407.8122,17869409.4771
15960.0000,195.6392,181.7000,106.3548,9061.4000,620.9529,8778.0437,9398.9966,17848868.3244
16020.0000,195.6327,181.7000,106.3548,9061.4000,618.8940,8771.5156,9390.4096,17828849.7891
16080.0000,195.6264,181.7000,106.3548,9061.4000,616.8897,8765.1555,9382.0451,17809340.3249
16140.0000,195.6202,181.7000,106.3548,9061.4000,614.9383,8758.9588,9373.8971,17790326.7488
16200.0000,195.6142,181.7000,106.3548,9061.4000,613.0386,8752.9212,9365.9598,17771796.2311
16260.0000,195.6083,181.7000,106.3548,9061.4000,611.1889,8747.0386,9358.2276,17753736.2848
16320.0000,195.6026,181.7000,106.3548,9061.4000,609.3880,8741.3069,9350.6949,17736134.7565
16380.0000,195.5970,181.7000,106.3548,9061.4000,607.6345,8735.7221,9343.3566,17718979.8164
16440.0000,195.5916,181.7000,106.3548,9061.4000,605.9271,8730.2803,9336.2074,17702259.9497
16500.0000,195.5863,181.7000,106.3548,9061.4000,604.2645,8724.9778,9329.2423,17685963.9475
16560.0000,195.5811,181.7000,106.3548,9061.4000,602.6456,8719.8109,9322.4564,17670080.8983
16620.0000,195.5761,181.7000,106.3548,9061.4000,601.0690,8714.7761,9315.8451,17654600.1794
16680.0000,195.5712,181.7000,106.3548,9061.4000,599.5336,8709.8699,9309.4035,17639511.4496
16740.0000,195.5664,181.7000,106.3548,9061.4000,598.0384,8705.0890,9303.1274,17624804.6403
16800.0000,195.5618,181.7000,106.3548,9061.4000,596.5822,8700.4301,9297.0123,17610469.9491
16860.0000,195.5572,181.7000,106.3548,9061.4000,595.1640,8695.8900,9291.0540,17596497.8315
16920.0000,195.5528,181.7000,106.3548,9061.4000,593.7828,8691.4656,9285.2484,17582878.9942
16980.0000,195.5485,181.7000,106.3548,9061.4000,592.4374,8687.1539,9279.5914,17569604.3881
17040.0000,195.5443,181.7000,106.3548,9061.4000,591.1271,8682.9520,9274.0791,17556665.2018
17100.0000,195.5402,181.7000,106.3548,9061.4000,589.8508,8678.8571,9268.7079,17544052.8547
17160.0000,195.5362,181.7000,106.3548,9061.4000,588.6076,8674.8663,9263.4739,17531758.9910
17220.0000,195.5323,181.7000,106.3548,9061.4000,587.3966,8670.9770,9258.3735,17519775.4733
17280.0000,195.5285,181.7000,106.3548,9061.4000,586.2170,8667.1865,9253.4034,17508094.3770
17340.0000,195.5248,181.7000,106.3548,9061.4000,585.0679,8663.4922,9248.5601,17496707.9839
17400.0000,195.5212,181.7000,106.3548,9061.4000,583.9485,8659.8918,9243.8403,17485608.7775
17460.0000,195.5177,181.7000,106.3548,9061.4000,582.8580,8656.3828,9239.2408,17474789.4368
17520.0000,195.5143,181.7000,106.3548,9061.4000,581.7957,8652.9627,9234.7584,17464242.8310
17580.0000,195.5109,181.7000,106.3548,9061.4000,580.7607,8649.6294,9230.3901,17453962.0151
17640.0000,195.5077,181.7000,106.3548,9061.4000,579.7524,8646.3806,9226.1330,17443940.2240
17700.0000,195.5045,181.7000,106.3548,9061.4000,578.7701,8643.2140,9221.9841,17434170.8682
17760.0000,195.5014,181.7000,106.3548,9061.4000,577.8131,8640.1277,9217.9408,17424647.5291
17820.0000,195.4984,181.7000,106.3548,9061.4000,576.8714,8637.0899,9213.9613,17415364.4790
17880.0000,195.4954,181.7000,106.3548,9061.4000,575.9463,8634.1039,9210.0502,17406318.8648
17940.0000,195.4925,181.7000,106.3548,9061.4000,575.0453,8631.1949,9206.2402,17397505.1223
18000.0000,195.4896,181.7000,106.3548,9061.4000,574.1679,8628.3609,9202.5287,17388917.2569
18060.0000,195.4869,181.7000,106.3548,9061.4000,573.3133,8625.5998,9198.9131,17380549.4314
18120.0000,195.4842,181.7000,106.3548,9061.4000,572.4811,8622.9098,9195.3909,17372395.9620
18180.0000,195.4815,181.7000,106.3548,9061.4000,571.6706,8620.2890,9191.9596,17364451.3140
18240.0000,195.4790,181.7000,106.3548,9061.4000,570.8812,8617.7356,9188.6168,17356710.0977
18300.0000,195.4765,181.7000,106.3548,9061.4000,570.1124,8615.2479,9185.3603,17349167.0648
18360.0000,195.4741,181.7000,106.3548,9061.4000,569.3635,8612.8242,9182.1877,17341817.1040
18420.0000,195.4717,181.7000,106.3548,9061.4000,568.6342,8610.4628,9179.0969,17334655.2381
18480.0000,195.4694,181.7000,106.3548,9061.4000,567.9238,8608.1620,9176.0858,17327676.6198
18540.0000,195.4671,181.7000,106.3548,9061.4000,567.2318,8605.9203,9173.1522,17320876.5283
18600.0000,195.4649,181.7000,106.3548,9061.4000,566.5579,8603.7362,9170.2941,17314250.3662
18660.0000,195.4628,181.7000,106.3548,9061.4000,565.9014,8601.6082,9167.5096,17307793.6559
18720.0000,195.4607,181.7000,106.3548,9061.4000,565.2620,8599.5347,9164.7967,17301502.0366
18780.0000,195.4587,181.7000,106.3548,9061.4000,564.6391,8597.5145,9162.1536,17295371.2611
18840.0000,195.4567,181.7000,106.3548,9061.4000,564.0324,8595.5461,9159.5785,17289397.1927
18900.0000,195.4548,181.7000,106.3548,9061.4000,563.4414,8593.6282,9157.0696,17283575.8024
18960.0000,195.4529,181.7000,106.3548,9061.4000,562.8657,8591.7595,9154.6251,17277903.1658
19020.0000,195.4511,181.7000,106.3548,9061.4000,562.3049,8589.9386,9152.2435,17272375.4608
19080.0000,195.4493,181.7000,106.3548,9061.4000,561.7586,8588.1644,9149.9230,17266988.9642
19140.0000,195.4476,181.7000,106.3548,9061.4000,561.2264,8586.4357,9147.6621,17261740.0498
19200.0000,195.4459,181.7000,106.3548,9061.4000,560.7080,8584.7513,9145.4593,17256625.1852
19260.0000,195.4442,181.7000,106.3548,9061.4000,560.2029,8583.1100,9143.3130,17251640.9297
19320.0000,195.4426,181.7000,106.3548,9061.4000,559.7109,8581.5108,9141.2217,17246783.9319
19380.0000,195.4410,181.7000,106.3548,9061.4000,559.2316,8579.9524,9139.1841,17242050.9271
19440.0000,195.4395,181.7000,106.3548,9061.4000,558.7647,8578.4340,9137.1987,17237438.7351
19500.0000,195.4380,181.7000,106.3548,9061.4000,558.3098,8576.9544,9135.2643,17232944.2581
19560.0000,195.4366,181.7000,106.3548,9061.4000,557.8667,8575.5127,9133.3794,17228564.4783
19620.0000,195.4352,181.7000,106.3548,9061.4000,557.4349,8574.1079,9131.5428,17224296.4561
19680.0000,195.4338,181.7000,106.3548,9061.4000,557.0143,8572.7390,9129.7533,17220137.3278
19740.0000,195.4325,181.7000,106.3548,9061.4000,556.6045,8571.4051,9128.0097,17216084.3037
19800.0000,195.4311,181.7000,106.3548,9061.4000,556.2053,8570.1053,9126.3106,17212134.6660
19860.0000,195.4299,181.7000,106.3548,9061.4000,555.8163,8568.8388,9124.6551,17208285.7673
19920.0000,195.4286,181.7000,106.3548,9061.4000,555.4374,8567.6046,9123.0420,17204535.0283
19980.0000,195.4274,181.7000,106.3548,9061.4000,555.0682,8566.4020,9121.4702,17200879.9363
20040.0000,195.4262,181.7000,106.3548,9061.4000,554.7085,8565.2301,9119.9385,17197318.0435
20100.0000,195.4251,181.7000,106.3548,9061.4000,554.3580,8564.0881,9118.4461,17193846.9651
20160.0000,195.4240,181.7000,106.3548,9061.4000,554.0165,8562.9753,9116.9919,17190464.3776
20220.0000,195.4229,181.7000,106.3548,9061.4000,553.6839,8561.8909,9115.5748,17187168.0176
20280.0000,195.4218,181.7000,106.3548,9061.4000,553.3597,8560.8343,9114.1940,17183955.6797
20340.0000,195.4208,181.7000,106.3548,9061.4000,553.0439,8559.8046,9112.8485,17180825.2155
20400.0000,195.4198,181.7000,106.3548,9061.4000,552.7362,8558.8012,9111.5373,17177774.5319
20460.0000,195.4188,181.7000,106.3548,9061.4000,552.4363,8557.8234,9110.2597,17174801.5893
20520.0000,195.4178,181.7000,106.3548,9061.4000,552.1442,8556.8706,9109.0148,17171904.4010
20580.0000,195.4169,181.7000,106.3548,9061.4000,551.8596,8555.9421,9107.8016,17169081.0309
20640.0000,195.4160,181.7000,106.3548,9061.4000,551.5823,8555.0372,9106.6195,17166329.5931
20700.0000,195.4151,181.7000,106.3548,9061.4000,551.3120,8554.1555,9105.4675,17163648.2499
20760.0000,195.4142,181.7000,106.3548,9061.4000,551.0487,8553.2963,9104.3450,17161035.2107
20820.0000,195.4134,181.7000,106.3548,9061.4000,550.7922,8552.4590,9103.2512,17158488.7312
20880.0000,195.4126,181.7000,106.3548,9061.4000,550.5422,8551.6430,9102.1852,17156007.1116
20940.0000,195.4118,181.7000,106.3548,9061.4000,550.2986,8550.8479,9101.1465,17153588.6959
21000.0000,195.4110,181.7000,106.3548,9061.4000,550.0613,8550.0730,9100.1343,17151231.8704
21060.0000,195.4102,181.7000,106.3548,9061.4000,549.8300,8549.3179,9099.1480,17148935.0630
21120.0000,195.4095,181.7000,106.3548,9061.4000,549.6047,8548.5821,9098.1868,17146696.7417
21180.0000,195.4088,181.7000,106.3548,9061.4000,549.3851,8547.8650,9097.2501,17144515.4140
21240.0000,195.4081,181.7000,106.3548,9061.4000,549.1711,8547.1662,9096.3374,17142389.6254
21300.0000,195.4074,181.7000,106.3548,9061.4000,548.9627,8546.4852,9095.4479,17140317.9590
21360.0000,195.4067,181.7000,106.3548,9061.4000,548.7595,8545.8216,9094.5811,17138299.0339
21420.0000,195.4061,181.7000,106.3548,9061.4000,548.5616,8545.1749,9093.7364,17136331.5047
21480.0000,195.4054,181.7000,106.3548,9061.4000,548.3687,8544.5446,9092.9133,17134414.0605
21540.0000,195.4048,181.7000,106.3548,9061.4000,548.1807,8543.9305,9092.1112,17132545.4239
21600.0000,195.4042,181.7000,106.3548,9061.4000,547.9976,8543.3319,9091.3295,17130724.3502
21660.0000,195.4036,181.7000,106.3548,9061.4000,547.8191,8542.7487,9090.5677,17128949.6265
21720.0000,195.4031,181.7000,106.3548,9061.4000,547.6452,8542.1802,9089.8254,17127220.0712
21780.0000,195.4025,181.7000,106.3548,9061.4000,547.4757,8541.6263,9089.1020,17125534.5326
21840.0000,195.4020,181.7000,106.3548,9061.4000,547.3106,8541.0865,9088.3971,17123891.8886
21900.0000,195.4014,181.7000,106.3548,9061.4000,547.1496,8540.5604,9087.7101,17122291.0459
21960.0000,195.4009,181.7000,106.3548,9061.4000,546.9928,8540.0477,9087.0406,17120730.9390
22020.0000,195.4004,181.7000,106.3548,9061.4000,546.8400,8539.5481,9086.3882,17119210.5296
22080.0000,195.3999,181.7000,106.3548,9061.4000,546.6911,8539.0612,9085.7524,17117728.8063
22140.0000,195.3994,181.7000,106.3548,9061.4000,546.5460,8538.5867,9085.1328,17116284.7831
22200.0000,195.3990,181.7000,106.3548,9061.4000,546.4046,8538.1243,9084.5290,17114877.4995
22260.0000,195.3985,181.7000,106.3548,9061.4000,546.2668,8537.6737,9083.9405,17113506.0193
22320.0000,195.3981,181.7000,106.3548,9061.4000,546.1326,8537.2345,9083.3671,17112169.4306
22380.0000,195.3976,181.7000,106.3548,9061.4000,546.0017,8536.8066,9082.8083,17110866.8443
22440.0000,195.3972,181.7000,106.3548,9061.4000,545.8742,8536.3895,9082.2637,17109597.3944
22500.0000,195.3968,181.7000,106.3548,9061.4000,545.7499,8535.9830,9081.7330,17108360.2369
22560.0000,195.3964,181.7000,106.3548,9061.4000,545.6289,8535.5869,9081.2157,17107154.5493
22620.0000,195.3960,181.7000,106.3548,9061.4000,545.5109,8535.2008,9080.7117,17105979.5301
22680.0000,195.3956,181.7000,106.3548,9061.4000,545.3959,8534.8246,9080.2205,17104834.3982
22740.0000,195.3953,181.7000,106.3548,9061.4000,545.2838,8534.4580,9079.7418,17103718.3928
22800.0000,195.3949,181.7000,106.3548,9061.4000,545.1746,8534.1007,9079.2753,17102630.7719
22860.0000,195.3946,181.7000,106.3548,9061.4000,545.0682,8533.7525,9078.8207,17101570.8131
22920.0000,195.3942,181.7000,106.3548,9061.4000,544.9645,8533.4131,9078.3776,17100537.8119
22980.0000,195.3939,181.7000,106.3548,9061.4000,544.8635,8533.0824,9077.9459,17099531.0821
23040.0000,195.3936,181.7000,106.3548,9061.4000,544.7650,8532.7601,9077.5251,17098549.9548
23100.0000,195.3933,181.7000,106.3548,9061.4000,544.6690,8532.4460,9077.1150,17097593.7783
23160.0000,195.3929,181.7000,106.3548,9061.4000,544.5755,8532.1399,9076.7154,17096661.9175
23220.0000,195.3926,181.7000,106.3548,9061.4000,544.4843,8531.8416,9076.3259,17095753.7535
23280.0000,195.3923,181.7000,106.3548,9061.4000,544.3955,8531.5509,9075.9464,17094868.6830
23340.0000,195.3921,181.7000,106.3548,9061.4000,544.3090,8531.2675,9075.5765,17094006.1184
23400.0000,195.3918,181.7000,106.3548,9061.4000,544.2246,8530.9914,9075.2160,17093165.4869
23460.0000,195.3915,181.7000,106.3548,9061.4000,544.1424,8530.7223,9074.8647,17092346.2303
23520.0000,195.3912,181.7000,106.3548,9061.4000,544.0623,8530.4601,9074.5224,17091547.8046
23580.0000,195.3910,181.7000,106.3548,9061.4000,543.9843,8530.2045,9074.1887,17090769.6798
23640.0000,195.3907,181.7000,106.3548,9061.4000,543.9082,8529.9554,9073.8636,17090011.3392
23700.0000,195.3905,181.7000,106.3548,9061.4000,543.8340,8529.7127,9073.5467,17089272.2795
23760.0000,195.3903,181.7000,106.3548,9061.4000,543.7618,8529.4761,9073.2379,17088552.0102
23820.0000,195.3900,181.7000,106.3548,9061.4000,543.6914,8529.2455,9072.9369,17087850.0530
23880.0000,195.3898,181.7000,106.3548,9061.4000,543.6228,8529.0208,9072.6436,17087165.9422
23940.0000,195.3896,181.7000,106.3548,9061.4000,543.5559,8528.8019,9072.3578,17086499.2236
24000.0000,195.3894,181.7000,106.3548,9061.4000,543.4907,8528.5885,9072.0792,17085849.4549
24060.0000,195.3892,181.7000,106.3548,9061.4000,543.4272,8528.3805,9071.8077,17085216.2048
24120.0000,195.3890,181.7000,106.3548,9061.4000,543.3653,8528.1778,9071.5431,17084599.0532
24180.0000,195.3888,181.7000,106.3548,9061.4000,543.3050,8527.9803,9071.2853,17083997.5904
24240.0000,195.3886,181.7000,106.3548,9061.4000,543.2462,8527.7878,9071.0340,17083411.4176
24300.0000,195.3884,181.7000,106.3548,9061.4000,543.1889,8527.6001,9070.7891,17082840.1456
24360.0000,195.3882,181.7000,106.3548,9061.4000,543.1331,8527.4173,9070.5504,17082283.3956
24420.0000,195.3880,181.7000,106.3548,9061.4000,543.0787,8527.2391,9070.3178,17081740.7981
24480.0000,195.3878,181.7000,106.3548,9061.4000,543.0257,8527.0654,9070.0911,17081211.9933
24540.0000,195.3877,181.7000,106.3548,9061.4000,542.9740,8526.8962,9069.8702,17080696.6302
24600.0000,195.3875,181.7000,106.3548,9061.4000,542.9236,8526.7312,9069.6549,17080194.3672
24660.0000,195.3873,181.7000,106.3548,9061.4000,542.8746,8526.5705,9069.4451,17079704.8709
24720.0000,195.3872,181.7000,106.3548,9061.4000,542.8267,8526.4138,9069.2406,17079227.8169
24780.0000,195.3870,181.7000,106.3548,9061.4000,542.7801,8526.2611,9069.0413,17078762.8885
24840.0000,195.3869,181.7000,106.3548,9061.4000,542.7347,8526.1123,9068.8471,17078309.7775
24900.0000,195.3867,181.7000,106.3548,9061.4000,542.6904,8525.9673,9068.6578,17077868.1834
24960.0000,195.3866,181.7000,106.3548,9061.4000,542.6473,8525.8260,9068.4733,17077437.8133
25020.0000,195.3864,181.7000,106.3548,9061.4000,542.6053,8525.6883,9068.2935,17077018.3818
25080.0000,195.3863,181.7000,106.3548,9061.4000,542.5643,8525.5540,9068.1183,17076609.6108
25140.0000,195.3862,181.7000,106.3548,9061.4000,542.5244,8525.4232,9067.9476,17076211.2292
25200.0000,195.3860,181.7000,106.3548,9061.4000,542.4854,8525.2957,9067.7812,17075822.9728
25260.0000,195.3859,181.7000,106.3548,9061.4000,542.4475,8525.1715,9067.6190,17075444.5842
25320.0000,195.3858,181.7000,106.3548,9061.4000,542.4106,8525.0504,9067.4609,17075075.8126
25380.0000,195.3857,181.7000,106.3548,9061.4000,542.3745,8524.9323,9067.3069,17074716.4133
25440.0000,195.3856,181.7000,106.3548,9061.4000,542.3394,8524.8173,9067.1568,17074366.1482
25500.0000,195.3855,181.7000,106.3548,9061.4000,542.3052,8524.7052,9067.0105,17074024.7849
25560.0000,195.3853,181.7000,106.3548,9061.4000,542.2719,8524.5960,9066.8679,17073692.0972
25620.0000,195.3852,181.7000,106.3548,9061.4000,542.2394,8524.4895,9066.7289,17073367.8646
25680.0000,195.3851,181.7000,106.3548,9061.4000,542.2077,8524.3858,9066.5935,17073051.8720
25740.0000,195.3850,181.7000,106.3548,9061.4000,542.1768,8524.2846,9066.4615,17072743.9100
25800.0000,195.3849,181.7000,106.3548,9061.4000,542.1468,8524.1861,9066.3329,17072443.7744
25860.0000,195.3848,181.7000,106.3548,9061.4000,542.1175,8524.0900,9066.2075,17072151.2663
25920.0000,195.3847,181.7000,106.3548,9061.4000,542.0889,8523.9964,9066.0853,17071866.1918
25980.0000,195.3846,181.7000,106.3548,9061.4000,542.0611,8523.9052,9065.9663,17071588.3619
26040.0000,195.3846,181.7000,106.3548,9061.4000,542.0339,8523.8163,9065.8502,17071317.5924
26100.0000,195.3845,181.7000,106.3548,9061.4000,542.0075,8523.7296,9065.7371,17071053.7039
26160.0000,195.3844,181.7000,106.3548,9061.4000,541.9817,8523.6452,9065.6269,17070796.5215
26220.0000,195.3843,181.7000,106.3548,9061.4000,541.9566,8523.5629,9065.5195,17070545.8748
26280.0000,195.3842,181.7000,106.3548,9061.4000,541.9321,8523.4827,9065.4148,17070301.5975
26340.0000,195.3841,181.7000,106.3548,9061.4000,541.9083,8523.4045,9065.3128,17070063.5277
26400.0000,195.3841,181.7000,106.3548,9061.4000,541.8850,8523.3283,9065.2134,17069831.5078
26460.0000,195.3840,181.7000,106.3548,9061.4000,541.8624,8523.2541,9065.1164,17069605.3839
26520.0000,195.3839,181.7000,106.3548,9061.4000,541.8403,8523.1817,9065.0220,17069385.0061
26580.0000,195.3838,181.7000,106.3548,9061.4000,541.8188,8523.1112,9064.9300,17069170.2285
26640.0000,195.3838,181.7000,106.3548,9061.4000,541.7978,8523.0425,9064.8403,17068960.9086
26700.0000,195.3837,181.7000,106.3548,9061.4000,541.7774,8522.9755,9064.7528,17068756.9078
26760.0000,195.3836,181.7000,106.3548,9061.4000,541.7574,8522.9102,9064.6676,17068558.0909
26820.0000,195.3836,181.7000,106.3548,9061.4000,541.7380,8522.8466,9064.5846,17068364.3260
26880.0000,195.3835,181.7000,106.3548,9061.4000,541.7191,8522.7846,9064.5037,17068175.4849
26940.0000,195.3835,181.7000,106.3548,9061.4000,541.7007,8522.7242,9064.4248,17067991.4424
27000.0000,195.3834,181.7000,106.3548,9061.4000,541.6827,8522.6653,9064.3480,17067812.0764
27060.0000,195.3833,181.7000,106.3548,9061.4000,541.6652,8522.6079,9064.2731,17067637.2682
27120.0000,195.3833,181.7000,106.3548,9061.4000,541.6481,8522.5519,9064.2000,17067466.9019
27180.0000,195.3832,181.7000,106.3548,9061.4000,541.6315,8522.4974,9064.1289,17067300.8647
27240.0000,195.3832,181.7000,106.3548,9061.4000,541.6153,8522.4443,9064.0596,17067139.0465
27300.0000,195.3831,181.7000,106.3548,9061.4000,541.5995,8522.3925,9063.9920,17066981.3400
27360.0000,195.3831,181.7000,106.3548,9061.4000,541.5841,8522.3420,9063.9261,17066827.6409
27420.0000,195.3830,181.7000,106.3548,9061.4000,541.5691,8522.2929,9063.8619,17066677.8472
27480.0000,195.3830,181.7000,106.3548,9061.4000,541.5544,8522.2449,9063.7994,17066531.8597
27540.0000,195.3829,181.7000,106.3548,9061.4000,541.5402,8522.1982,9063.7384,17066389.5816
27600.0000,195.3829,181.7000,106.3548,9061.4000,541.5263,8522.1527,9063.6790,17066250.9188
27660.0000,195.3828,181.7000,106.3548,9061.4000,541.5128,8522.1083,9063.6211,17066115.7793
27720.0000,195.3828,181.7000,106.3548,9061.4000,541.4996,8522.0651,9063.5646,17065984.0736
27780.0000,195.3827,181.7000,106.3548,9061.4000,541.4867,8522.0229,9063.5096,17065855.7144
27840.0000,195.3827,181.7000,106.3548,9061.4000,541.4742,8521.9819,9063.4560,17065730.6168
27900.0000,195.3827,181.7000,106.3548,9061.4000,541.4620,8521.9418,9063.4038,17065608.6977
27960.0000,195.3826,181.7000,106.3548,9061.4000,541.4501,8521.9028,9063.3529,17065489.8764
28020.0000,195.3826,181.7000,106.3548,9061.4000,541.4385,8521.8648,9063.3033,17065374.0743
28080.0000,195.3826,181.7000,106.3548,9061.4000,541.4272,8521.8277,9063.2549,17065261.2145
28140.0000,195.3825,181.7000,106.3548,9061.4000,541.4161,8521.7916,9063.2078,17065151.2224
28200.0000,195.3825,181.7000,106.3548,9061.4000,541.4054,8521.7564,9063.1618,17065044.0250
28260.0000,195.3824,181.7000,106.3548,9061.4000,541.3949,8521.7221,9063.1171,17064939.5513
28320.0000,195.3824,181.7000,106.3548,9061.4000,541.3847,8521.6887,9063.0734,17064837.7322
28380.0000,195.3824,181.7000,106.3548,9061.4000,541.3748,8521.6561,9063.0309,17064738.5001
28440.0000,195.3823,181.7000,106.3548,9061.4000,541.3651,8521.6244,9062.9895,17064641.7894
28500.0000,195.3823,181.7000,106.3548,9061.4000,541.3557,8521.5934,9062.9491,17064547.5358
28560.0000,195.3823,181.7000,106.3548,9061.4000,541.3465,8521.5633,9062.9097,17064455.6771
28620.0000,195.3823,181.7000,106.3548,9061.4000,541.3375,8521.5339,9062.8714,17064366.1524
28680.0000,195.3822,181.7000,106.3548,9061.4000,541.3288,8521.5052,9062.8340,17064278.9023
28740.0000,195.3822,181.7000,106.3548,9061.4000,541.3203,8521.4773,9062.7976,17064193.8691
28800.0000,195.3822,181.7000,106.3548,9061.4000,541.3120,8521.4501,9062.7621,17064110.9964
28860.0000,195.3821,181.7000,106.3548,9061.4000,541.3039,8521.4236,9062.7274,17064030.2293
28920.0000,195.3821,181.7000,106.3548,9061.4000,541.2960,8521.3977,9062.6937,17063951.5143
28980.0000,195.3821,181.7000,106.3548,9061.4000,541.2883,8521.3725,9062.6608,17063874.7993
29040.0000,195.3821,181.7000,106.3548,9061.4000,541.2808,8521.3480,9062.6288,17063800.0335
29100.0000,195.3820,181.7000,106.3548,9061.4000,541.2735,8521.3241,9062.5976,17063727.1673
29160.0000,195.3820,181.7000,106.3548,9061.4000,541.2664,8521.3008,9062.5672,17063656.1524
29220.0000,195.3820,181.7000,106.3548,9061.4000,541.2595,8521.2780,9062.5375,17063586.9419
29280.0000,195.3820,181.7000,106.3548,9061.4000,541.2527,8521.2559,9062.5086,17063519.4898
29340.0000,195.3820,181.7000,106.3548,9061.4000,541.2461,8521.2343,9062.4804,17063453.7515
29400.0000,195.3819,181.7000,106.3548,9061.4000,541.2397,8521.2133,9062.4530,17063389.6835
29460.0000,195.3819,181.7000,106.3548,9061.4000,541.2335,8521.1928,9062.4262,17063327.2433
29520.0000,195.3819,181.7000,106.3548,9061.4000,541.2274,8521.1728,9062.4002,17063266.3895
29580.0000,195.3819,181.7000,106.3548,9061.4000,541.2214,8521.1533,9062.3748,17063207.0818
29640.0000,195.3819,181.7000,106.3548,9061.4000,541.2156,8521.1343,9062.3500,17063149.2810
29700.0000,195.3818,181.7000,106.3548,9061.4000,541.2100,8521.1159,9062.3258,17063092.9488
29760.0000,195.3818,181.7000,106.3548,9061.4000,541.2045,8521.0978,9062.3023,17063038.0478
29820.0000,195.3818,181.7000,106.3548,9061.4000,541.1991,8521.0803,9062.2794,17062984.5417
29880.0000,195.3818,181.7000,106.3548,9061.4000,541.1939,8521.0631,9062.2571,17062932.3950
29940.0000,195.3818,181.7000,106.3548,9061.4000,541.1888,8521.0465,9062.2353,17062881.5732
30000.0000,195.3817,181.7000,106.3548,9061.4000,541.1839,8521.0302,9062.2141,17062832.0427
30060.0000,195.3817,181.7000,106.3548,9061.4000,541.1790,8521.0143,9062.1934,17062783.7706
30120.0000,195.3817,181.7000,106.3548,9061.4000,541.1743,8520.9989,9062.1732,17062736.7249
30180.0000,195.3817,181.7000,106.3548,9061.4000,541.1697,8520.9838,9062.1536,17062690.8745
30240.0000,195.3817,181.7000,106.3548,9061.4000,541.1653,8520.9692,9062.1344,17062646.1891
30300.0000,195.3817,181.7000,106.3548,9061.4000,541.1609,8520.9549,9062.1158,17062602.6389
30360.0000,195.3817,181.7000,106.3548,9061.4000,541.1566,8520.9409,9062.0976,17062560.1953
30420.0000,195.3816,181.7000,106.3548,9061.4000,541.1525,8520.9274,9062.0799,17062518.8300
30480.0000,195.3816,181.7000,106.3548,9061.4000,541.1485,8520.9141,9062.0626,17062478.5156
30540.0000,195.3816,181.7000,106.3548,9061.4000,541.1445,8520.9012,9062.0458,17062439.2256
30600.0000,195.3816,181.7000,106.3548,9061.4000,541.1407,8520.8887,9062.0293,17062400.9337
30660.0000,195.3816,181.7000,106.3548,9061.4000,541.1370,8520.8764,9062.0134,17062363.6147
30720.0000,195.3816,181.7000,106.3548,9061.4000,541.1333,8520.8645,9061.9978,17062327.2439
30780.0000,195.3816,181.7000,106.3548,9061.4000,541.1298,8520.8528,9061.9826,17062291.7972
30840.0000,195.3816,181.7000,106.3548,9061.4000,541.1263,8520.8415,9061.9678,17062257.2510
30900.0000,195.3815,181.7000,106.3548,9061.4000,541.1229,8520.8304,9061.9534,17062223.5825
30960.0000,195.3815,181.7000,106.3548,9061.4000,541.1196,8520.8197,9061.9393,17062190.7695
31020.0000,195.3815,181.7000,106.3548,9061.4000,541.1164,8520.8092,9061.9256,17062158.7901
31080.0000,195.3815,181.7000,106.3548,9061.4000,541.1133,8520.7989,9061.9122,17062127.6232
31140.0000,195.3815,181.7000,106.3548,9061.4000,541.1103,8520.7890,9061.8992,17062097.2481
31200.0000,195.3815,181.7000,106.3548,9061.4000,541.1073,8520.7792,9061.8865,17062067.6448
31260.0000,195.3815,181.7000,106.3548,9061.4000,541.1044,8520.7698,9061.8742,17062038.7936
31320.0000,195.3815,181.7000,106.3548,9061.4000,541.1016,8520.7605,9061.8621,17062010.6754
31380.0000,195.3815,181.7000,106.3548,9061.4000,541.0989,8520.7515,9061.8504,17061983.2715
31440.0000,195.3815,181.7000,106.3548,9061.4000,541.0962,8520.7428,9061.8390,17061956.5640
31500.0000,195.3815,181.7000,106.3548,9061.4000,541.0936,8520.7342,9061.8278,17061930.5349
31560.0000,195.3814,181.7000,106.3548,9061.4000,541.0910,8520.7259,9061.8169,17061905.1672
31620.0000,195.3814,181.7000,106.3548,9061.4000,541.0886,8520.7178,9061.8063,17061880.4440
31680.0000,195.3814,181.7000,106.3548,9061.4000,541.0861,8520.7099,9061.7960,17061856.3489
31740.0000,195.3814,181.7000,106.3548,9061.4000,541.0838,8520.7022,9061.7860,17061832.8659
31800.0000,195.3814,181.7000,106.3548,9061.4000,541.0815,8520.6946,9061.7761,17061809.9796
31860.0000,195.3814,181.7000,106.3548,9061.4000,541.0793,8520.6873,9061.7666,17061787.6748
31920.0000,195.3814,181.7000,106.3548,9061.4000,541.0771,8520.6802,9061.7573,17061765.9366
31980.0000,195.3814,181.7000,106.3548,9061.4000,541.0750,8520.6732,9061.7482,17061744.7507
32040.0000,195.3814,181.7000,106.3548,9061.4000,541.0729,8520.6664,9061.7394,17061724.1031
32100.0000,195.3814,181.7000,106.3548,9061.4000,541.0709,8520.6598,9061.7307,17061703.9800
32160.0000,195.3814,181.7000,106.3548,9061.4000,541.0689,8520.6534,9061.7223,17061684.3683
32220.0000,195.3814,181.7000,106.3548,9061.4000,541.0670,8520.6471,9061.7141,17061665.2547
32280.0000,195.3814,181.7000,106.3548,9061.4000,541.0651,8520.6410,9061.7062,17061646.6268
32340.0000,195.3814,181.7000,106.3548,9061.4000,541.0633,8520.6351,9061.6984,17061628.4721
32400.0000,195.3813,181.7000,106.3548,9061.4000,541.0616,8520.6292,9061.6908,17061610.7787
32460.0000,195.3813,181.7000,106.3548,9061.4000,541.0598,8520.6236,9061.6834,17061593.5348
32520.0000,195.3813,181.7000,106.3548,9061.4000,541.0581,8520.6181,9061.6762,17061576.7290
32580.0000,195.3813,181.7000,106.3548,9061.4000,541.0565,8520.6127,9061.6692,17061560.3502
32640.0000,195.3813,181.7000,106.3548,9061.4000,541.0549,8520.6074,9061.6624,17061544.3875
32700.0000,195.3813,181.7000,106.3548,9061.4000,541.0534,8520.6023,9061.6557,17061528.8304
32760.0000,195.3813,181.7000,106.3548,9061.4000,541.0518,8520.5974,9061.6492,17061513.6685
32820.0000,195.3813,181.7000,106.3548,9061.4000,541.0504,8520.5925,9061.6429,17061498.8918
32880.0000,195.3813,181.7000,106.3548,9061.4000,541.0489,8520.5878,9061.6367,17061484.4905
32940.0000,195.3813,181.7000,106.3548,9061.4000,541.0475,8520.5832,9061.6307,17061470.4551
33000.0000,195.3813,181.7000,106.3548,9061.4000,541.0461,8520.5787,9061.6248,17061456.7763
33060.0000,195.3813,181.7000,106.3548,9061.4000,541.0448,8520.5743,9061.6191,17061443.4451
33120.0000,195.3813,181.7000,106.3548,9061.4000,541.0435,8520.5700,9061.6135,17061430.4525
33180.0000,195.3813,181.7000,106.3548,9061.4000,541.0422,8520.5659,9061.6081,17061417.7900
33240.0000,195.3813,181.7000,106.3548,9061.4000,541.0410,8520.5618,9061.6028,17061405.4492
33300.0000,195.3813,181.7000,106.3548,9061.4000,541.0398,8520.5579,9061.5977,17061393.4219
33360.0000,195.3813,181.7000,106.3548,9061.4000,541.0386,8520.5540,9061.5927,17061381.7002
33420.0000,195.3813,181.7000,106.3548,9061.4000,541.0375,8520.5503,9061.5878,17061370.2764
33480.0000,195.3813,181.7000,106.3548,9061.4000,541.0364,8520.5466,9061.5830,17061359.1427
33540.0000,195.3813,181.7000,106.3548,9061.4000,541.0353,8520.5431,9061.5783,17061348.2919
33600.0000,195.3813,181.7000,106.3548,9061.4000,541.0342,8520.5396,9061.5738,17061337.7168
33660.0000,195.3813,181.7000,106.3548,9061.4000,541.0332,8520.5362,9061.5694,17061327.4104
33720.0000,195.3812,181.7000,106.3548,9061.4000,541.0322,8520.5329,9061.5651,17061317.3658
33780.0000,195.3812,181.7000,106.3548,9061.4000,541.0312,8520.5297,9061.5609,17061307.5764
33840.0000,195.3812,181.7000,106.3548,9061.4000,541.0302,8520.5266,9061.5568,17061298.0357
33900.0000,195.3812,181.7000,106.3548,9061.4000,541.0293,8520.5235,9061.5528,17061288.7374
33960.0000,195.3812,181.7000,106.3548,9061.4000,541.0284,8520.5205,9061.5489,17061279.6753
34020.0000,195.3812,181.7000,106.3548,9061.4000,541.0275,8520.5176,9061.5452,17061270.8435
34080.0000,195.3812,181.7000,106.3548,9061.4000,541.0267,8520.5148,9061.5415,17061262.2360
34140.0000,195.3812,181.7000,106.3548,9061.4000,541.0258,8520.5121,9061.5379,17061253.8473
34200.0000,195.3812,181.7000,106.3548,9061.4000,541.0250,8520.5094,9061.5344,17061245.6716
34260.0000,195.3812,181.7000,106.3548,9061.4000,541.0242,8520.5068,9061.5310,17061237.7037
34320.0000,195.3812,181.7000,106.3548,9061.4000,541.0234,8520.5042,9061.5276,17061229.9382
34380.0000,195.3812,181.7000,106.3548,9061.4000,541.0227,8520.5017,9061.5244,17061222.3700
34440.0000,195.3812,181.7000,106.3548,9061.4000,541.0219,8520.4993,9061.5212,17061214.9940
34500.0000,195.3812,181.7000,106.3548,9061.4000,541.0212,8520.4969,9061.5181,17061207.8055
34560.0000,195.3812,181.7000,106.3548,9061.4000,541.0205,8520.4946,9061.5151,17061200.7996
34620.0000,195.3812,181.7000,106.3548,9061.4000,541.0198,8520.4924,9061.5122,17061193.9717
34680.0000,195.3812,181.7000,106.3548,9061.4000,541.0192,8520.4902,9061.5094,17061187.3172
34740.0000,195.3812,181.7000,106.3548,9061.4000,541.0185,8520.4881,9061.5066,17061180.8318
34800.0000,195.3812,181.7000,106.3548,9061.4000,541.0179,8520.4860,9061.5039,17061174.5112
34860.0000,195.3812,181.7000,106.3548,9061.4000,541.0173,8520.4840,9061.5012,17061168.3512
34920.0000,195.3812,181.7000,106.3548,9061.4000,541.0167,8520.4820,9061.4987,17061162.3477
34980.0000,195.3812,181.7000,106.3548,9061.4000,541.0161,8520.4801,9061.4962,17061156.4966
35040.0000,195.3812,181.7000,106.3548,9061.4000,541.0155,8520.4782,9061.4937,17061150.7943
35100.0000,195.3812,181.7000,106.3548,9061.4000,541.0149,8520.4764,9061.4913,17061145.2368
35160.0000,195.3812,181.7000,106.3548,9061.4000,541.0144,8520.4746,9061.4890,17061139.8205
35220.0000,195.3812,181.7000,106.3548,9061.4000,541.0139,8520.4729,9061.4868,17061134.5418
35280.0000,195.3812,181.7000,106.3548,9061.4000,541.0134,8520.4712,9061.4846,17061129.3972
35340.0000,195.3812,181.7000,106.3548,9061.4000,541.0128,8520.4696,9061.4824,17061124.3834
35400.0000,195.3812,181.7000,106.3548,9061.4000,541.0124,8520.4680,9061.4803,17061119.4969
35460.0000,195.3812,181.7000,106.3548,9061.4000,541.0119,8520.4664,9061.4783,17061114.7345
35520.0000,195.3812,181.7000,106.3548,9061.4000,541.0114,8520.4649,9061.4763,17061110.0932
35580.0000,195.3812,181.7000,106.3548,9061.4000,541.0110,8520.4634,9061.4743,17061105.5698
35640.0000,195.3812,181.7000,106.3548,9061.4000,541.0105,8520.4619,9061.4725,17061101.1612
35700.0000,195.3812,181.7000,106.3548,9061.4000,541.0101,8520.4605,9061.4706,17061096.8647
35760.0000,195.3812,181.7000,106.3548,9061.4000,541.0097,8520.4591,9061.4688,17061092.6774
35820.0000,195.3812,181.7000,106.3548,9061.4000,541.0093,8520.4578,9061.4671,17061088.5964
35880.0000,195.3812,181.7000,106.3548,9061.4000,541.0089,8520.4565,9061.4654,17061084.6191
35940.0000,195.3812,181.7000,106.3548,9061.4000,541.0085,8520.4552,9061.4637,17061080.7429
36000.0000,195.3812,181.7000,106.3548,9061.4000,541.0081,8520.4540,9061.4621,17061076.9651
36060.0000,195.3812,181.7000,106.3548,9061.4000,541.0077,8520.4528,9061.4605,17061073.2833
36120.0000,195.3812,181.7000,106.3548,9061.4000,541.0074,8520.4516,9061.4590,17061069.6951
36180.0000,195.3812,181.7000,106.3548,9061.4000,541.0070,8520.4505,9061.4575,17061066.1980
36240.0000,195.3812,181.7000,106.3548,9061.4000,541.0067,8520.4493,9061.4560,17061062.7898
36300.0000,195.3812,181.7000,106.3548,9061.4000,541.0063,8520.4482,9061.4546,17061059.4681
36360.0000,195.3812,181.7000,106.3548,9061.4000,541.0060,8520.4472,9061.4532,17061056.2308
36420.0000,195.3812,181.7000,106.3548,9061.4000,541.0057,8520.4461,9061.4519,17061053.0758
36480.0000,195.3812,181.7000,106.3548,9061.4000,541.0054,8520.4451,9061.4505,17061050.0010
36540.0000,195.3812,181.7000,106.3548,9061.4000,541.0051,8520.4442,9061.4493,17061047.0042
36600.0000,195.3812,181.7000,106.3548,9061.4000,541.0048,8520.4432,9061.4480,17061044.0836
36660.0000,195.3812,181.7000,106.3548,9061.4000,541.0045,8520.4423,9061.4468,17061041.2372
36720.0000,195.3812,181.7000,106.3548,9061.4000,541.0042,8520.4413,9061.4456,17061038.4631
36780.0000,195.3812,181.7000,106.3548,9061.4000,541.0040,8520.4405,9061.4444,17061035.7595
36840.0000,195.3812,181.7000,106.3548,9061.4000,541.0037,8520.4396,9061.4433,17061033.1246
36900.0000,195.3812,181.7000,106.3548,9061.4000,541.0035,8520.4388,9061.4422,17061030.5566
36960.0000,195.3812,181.7000,106.3548,9061.4000,541.0032,8520.4379,9061.4411,17061028.0539
37020.0000,195.3812,181.7000,106.3548,9061.4000,541.0030,8520.4371,9061.4401,17061025.6147
37080.0000,195.3812,181.7000,106.3548,9061.4000,541.0027,8520.4363,9061.4391,17061023.2376
37140.0000,195.3811,181.7000,106.3548,9061.4000,541.0025,8520.4356,9061.4381,17061020.9208
37200.0000,195.3811,181.7000,106.3548,9061.4000,541.0023,8520.4348,9061.4371,17061018.6628
37260.0000,195.3811,181.7000,106.3548,9061.4000,541.0020,8520.4341,9061.4362,17061016.4623
37320.0000,195.3811,181.7000,106.3548,9061.4000,541.0018,8520.4334,9061.4352,17061014.3176
37380.0000,195.3811,181.7000,106.3548,9061.4000,541.0016,8520.4327,9061.4344,17061012.2274
37440.0000,195.3811,181.7000,106.3548,9061.4000,541.0014,8520.4321,9061.4335,17061010.1904
37500.0000,195.3811,181.7000,106.3548,9061.4000,541.0012,8520.4314,9061.4326,17061008.2051
37560.0000,195.3811,181.7000,106.3548,9061.4000,541.0010,8520.4308,9061.4318,17061006.2702
37620.0000,195.3811,181.7000,106.3548,9061.4000,541.0008,8520.4302,9061.4310,17061004.3845
37680.0000,195.3811,181.7000,106.3548,9061.4000,541.0006,8520.4296,9061.4302,17061002.5467
37740.0000,195.3811,181.7000,106.3548,9061.4000,541.0005,8520.4290,9061.4294,17061000.7555
37800.0000,195.3811,181.7000,106.3548,9061.4000,541.0003,8520.4284,9061.4287,17060999.0099
37860.0000,195.3811,181.7000,106.3548,9061.4000,541.0001,8520.4278,9061.4280,17060997.3087
37920.0000,195.3811,181.7000,106.3548,9061.4000,541.0000,8520.4273,9061.4273,17060995.6506
37980.0000,195.3811,181.7000,106.3548,9061.4000,540.9998,8520.4268,9061.4266,17060994.0347
38040.0000,195.3811,181.7000,106.3548,9061.4000,540.9996,8520.4262,9061.4259,17060992.4598
38100.0000,195.3811,181.7000,106.3548,9061.4000,540.9995,8520.4257,9061.4252,17060990.9250
38160.0000,195.3811,181.7000,106.3548,9061.4000,540.9993,8520.4253,9061.4246,17060989.4291
38220.0000,195.3811,181.7000,106.3548,9061.4000,540.9992,8520.4248,9061.4240,17060987.9712
38280.0000,195.3811,181.7000,106.3548,9061.4000,540.9990,8520.4243,9061.4234,17060986.5504
38340.0000,195.3811,181.7000,106.3548,9061.4000,540.9989,8520.4239,9061.4228,17060985.1657
38400.0000,195.3811,181.7000,106.3548,9061.4000,540.9988,8520.4234,9061.4222,17060983.8162
38460.0000,195.3811,181.7000,106.3548,9061.4000,540.9986,8520.4230,9061.4216,17060982.5009
38520.0000,195.3811,181.7000,106.3548,9061.4000,540.9985,8520.4226,9061.4211,17060981.2191
38580.0000,195.3811,181.7000,106.3548,9061.4000,540.9984,8520.4221,9061.4205,17060979.9698
38640.0000,195.3811,181.7000,106.3548,9061.4000,540.9983,8520.4217,9061.4200,17060978.7523
38700.0000,195.3811,181.7000,106.3548,9061.4000,540.9981,8520.4214,9061.4195,17060977.5657
38760.0000,195.3811,181.7000,106.3548,9061.4000,540.9980,8520.4210,9061.4190,17060976.4092
38820.0000,195.3811,181.7000,106.3548,9061.4000,540.9979,8520.4206,9061.4185,17060975.2821
38880.0000,195.3811,181.7000,106.3548,9061.4000,540.9978,8520.4202,9061.4181,17060974.1837
38940.0000,195.3811,181.7000,106.3548,9061.4000,540.9977,8520.4199,9061.4176,17060973.1131
39000.0000,195.3811,181.7000,106.3548,9061.4000,540.9976,8520.4196,9061.4171,17060972.0698
39060.0000,195.3811,181.7000,106.3548,9061.4000,540.9975,8520.4192,9061.4167,17060971.0530
39120.0000,195.3811,181.7000,106.3548,9061.4000,540.9974,8520.4189,9061.4163,17060970.0620
39180.0000,195.3811,181.7000,106.3548,9061.4000,540.9973,8520.4186,9061.4159,17060969.0962
39240.0000,195.3811,181.7000,106.3548,9061.4000,540.9972,8520.4183,9061.4155,17060968.1549
39300.0000,195.3811,181.7000,106.3548,9061.4000,540.9971,8520.4180,9061.4151,17060967.2375
39360.0000,195.3811,181.7000,106.3548,9061.4000,540.9970,8520.4177,9061.4147,17060966.3434
39420.0000,195.3811,181.7000,106.3548,9061.4000,540.9969,8520.4174,9061.4143,17060965.4721
39480.0000,195.3811,181.7000,106.3548,9061.4000,540.9969,8520.4171,9061.4140,17060964.6229
39540.0000,195.3811,181.7000,106.3548,9061.4000,540.9968,8520.4168,9061.4136,17060963.7953
39600.0000,195.3811,181.7000,106.3548,9061.4000,540.9967,8520.4166,9061.4133,17060962.9886
39660.0000,195.3811,181.7000,106.3548,9061.4000,540.9966,8520.4163,9061.4129,17060962.2025
39720.0000,195.3811,181.7000,106.3548,9061.4000,540.9965,8520.4161,9061.4126,17060961.4364
39780.0000,195.3811,181.7000,106.3548,9061.4000,540.9965,8520.4158,9061.4123,17060960.6897
39840.0000,195.3811,181.7000,106.3548,9061.4000,540.9964,8520.4156,9061.4120,17060959.9620
39900.0000,195.3811,181.7000,106.3548,9061.4000,540.9963,8520.4153,9061.4117,17060959.2528
39960.0000,195.3811,181.7000,106.3548,9061.4000,540.9962,8520.4151,9061.4114,17060958.5616
40020.0000,195.3811,181.7000,106.3548,9061.4000,540.9962,8520.4149,9061.4111,17060957.8879
40080.0000,195.3811,181.7000,106.3548,9061.4000,540.9961,8520.4147,9061.4108,17060957.2314
40140.0000,195.3811,181.7000,106.3548,9061.4000,540.9960,8520.4145,9061.4105,17060956.5916
40200.0000,195.3811,181.7000,106.3548,9061.4000,540.9960,8520.4143,9061.4102,17060955.9680
40260.0000,195.3811,181.7000,106.3548,9061.4000,540.9959,8520.4141,9061.4100,17060955.3602
40320.0000,195.3811,181.7000,106.3548,9061.4000,540.9959,8520.4139,9061.4097,17060954.7679
40380.0000,195.3811,181.7000,106.3548,9061.4000,540.9958,8520.4137,9061.4095,17060954.1906
40440.0000,195.3811,181.7000,106.3548,9061.4000,540.9957,8520.4135,9061.4092,17060953.6280
40500.0000,195.3811,181.7000,106.3548,9061.4000,540.9957,8520.4133,9061.4090,17060953.0797
40560.0000,195.3811,181.7000,106.3548,9061.4000,540.9956,8520.4131,9061.4088,17060952.5454
40620.0000,195.3811,181.7000,106.3548,9061.4000,540.9956,8520.4130,9061.4086,17060952.0246
40680.0000,195.3811,181.7000,106.3548,9061.4000,540.9955,8520.4128,9061.4083,17060951.5170
40740.0000,195.3811,181.7000,106.3548,9061.4000,540.9955,8520.4126,9061.4081,17060951.0223
40800.0000,195.3811,181.7000,106.3548,9061.4000,540.9954,8520.4125,9061.4079,17060950.5402
40860.0000,195.3811,181.7000,106.3548,9061.4000,540.9954,8520.4123,9061.4077,17060950.0704
40920.0000,195.3811,181.7000,106.3548,9061.4000,540.9953,8520.4122,9061.4075,17060949.6125
40980.0000,195.3811,181.7000,106.3548,9061.4000,540.9953,8520.4120,9061.4073,17060949.1662
41040.0000,195.3811,181.7000,106.3548,9061.4000,540.9953,8520.4119,9061.4071,17060948.7312
41100.0000,195.3811,181.7000,106.3548,9061.4000,540.9952,8520.4118,9061.4070,17060948.3073
41160.0000,195.3811,181.7000,106.3548,9061.4000,540.9952,8520.4116,9061.4068,17060947.8942
41220.0000,195.3811,181.7000,106.3548,9061.4000,540.9951,8520.4115,9061.4066,17060947.4916
41280.0000,195.3811,181.7000,106.3548,9061.4000,540.9951,8520.4114,9061.4064,17060947.0992
41340.0000,195.3811,181.7000,106.3548,9061.4000,540.9951,8520.4112,9061.4063,17060946.7168
41400.0000,195.3811,181.7000,106.3548,9061.4000,540.9950,8520.4111,9061.4061,17060946.3440
41460.0000,195.3811,181.7000,106.3548,9061.4000,540.9950,8520.4110,9061.4060,17060945.9808
41520.0000,195.3811,181.7000,106.3548,9061.4000,540.9949,8520.4109,9061.4058,17060945.6268
41580.0000,195.3811,181.7000,106.3548,9061.4000,540.9949,8520.4108,9061.4057,17060945.2818
41640.0000,195.3811,181.7000,106.3548,9061.4000,540.9949,8520.4106,9061.4055,17060944.9455
41700.0000,195.3811,181.7000,106.3548,9061.4000,540.9948,8520.4105,9061.4054,17060944.6178
41760.0000,195.3811,181.7000,106.3548,9061.4000,540.9948,8520.4104,9061.4052,17060944.2984
41820.0000,195.3811,181.7000,106.3548,9061.4000,540.9948,8520.4103,9061.4051,17060943.9871
41880.0000,195.3811,181.7000,106.3548,9061.4000,540.9948,8520.4102,9061.4050,17060943.6838
41940.0000,195.3811,181.7000,106.3548,9061.4000,540.9947,8520.4101,9061.4049,17060943.3881
42000.0000,195.3811,181.7000,106.3548,9061.4000,540.9947,8520.4100,9061.4047,17060943.1000
42060.0000,195.3811,181.7000,106.3548,9061.4000,540.9947,8520.4099,9061.4046,17060942.8191
42120.0000,195.3811,181.7000,106.3548,9061.4000,540.9946,8520.4099,9061.4045,17060942.5454
42180.0000,195.3811,181.7000,106.3548,9061.4000,540.9946,8520.4098,9061.4044,17060942.2787
42240.0000,195.3811,181.7000,106.3548,9061.4000,540.9946,8520.4097,9061.4043,17060942.0187
42300.0000,195.3811,181.7000,106.3548,9061.4000,540.9946,8520.4096,9061.4042,17060941.7654
42360.0000,195.3811,181.7000,106.3548,9061.4000,540.9945,8520.4095,9061.4041,17060941.5185
42420.0000,195.3811,181.7000,106.3548,9061.4000,540.9945,8520.4094,9061.4040,17060941.2778
42480.0000,195.3811,181.7000,106.3548,9061.4000,540.9945,8520.4094,9061.4039,17060941.0433
42540.0000,195.3811,181.7000,106.3548,9061.4000,540.9945,8520.4093,9061.4038,17060940.8147
42600.0000,195.3811,181.7000,106.3548,9061.4000,540.9944,8520.4092,9061.4037,17060940.5919
42660.0000,195.3811,181.7000,106.3548,9061.4000,540.9944,8520.4091,9061.4036,17060940.3748
42720.0000,195.3811,181.7000,106.3548,9061.4000,540.9944,8520.4091,9061.4035,17060940.1632
42780.0000,195.3811,181.7000,106.3548,9061.4000,540.9944,8520.4090,9061.4034,17060939.9570
42840.0000,195.3811,181.7000,106.3548,9061.4000,540.9944,8520.4089,9061.4033,17060939.7560
42900.0000,195.3811,181.7000,106.3548,9061.4000,540.9943,8520.4089,9061.4032,17060939.5602
42960.0000,195.3811,181.7000,106.3548,9061.4000,540.9943,8520.4088,9061.4031,17060939.3693
43020.0000,195.3811,181.7000,106.3548,9061.4000,540.9943,8520.4088,9061.4031,17060939.1832
43080.0000,195.3811,181.7000,106.3548,9061.4000,540.9943,8520.4087,9061.4030,17060939.0019
43140.0000,195.3811,181.7000,106.3548,9061.4000,540.9943,8520.4086,9061.4029,17060938.8252
43200.0000,195.3811,181.7000,106.3548,9061.4000,540.9943,8520.4086,9061.4028,17060938.6530
